33J,43A,53G,AEIEANB,NYUTLOT,EEEEAIIIOOONRRRTLSSUDDCMPFHVWKXQZ,30,0,False
33J,43O,53C,63K,FQANPTM,UTTEONB,EEEEEAAAIIIIOONRRRLLSSUDDGHVWYXZ,46,0,False
33R,43A,53G,CELQLSR,EJMIDYD,EEEEAAAIIIOOOONNNRTTTSUUBPFHVWKXZ,16,0,False
40J,50O,60T,ACUOVIO,MAFRGRY,EEEEEEAAIIIONNNRTTLLSSUDDBPHWKXQZ,54,0,False
33R,43I,53D,UWLIVNO,ORIPTFE,EEEEEAAAAIOONNRTTLSSUDGBCMHYKJXQZ,16,0,False
33N,43O,53D,UEAIESH,WAADJEO,EEEAIIIOONNRRRTTTLLSUGBCMPFVYKXQZ,16,0,False
33T,43O,53T,EJAUTLE,VDHNWAB,EEEEAAIIIIOOONNRRRLSSUDGCMPFYKXQZ,10,0,False
33T,43A,53N,IOIDSIA,VZARPAE,EEEEEIOOONNRRTTLLSUUDGBCMFHWYKJXQ,10,0,False
33P,43O,53D,REZHDFG,LOELTIE,EEEAAAAIIIOONNNRRTTSSUUBCMVWYKJXQ,20,0,False
33T,43A,53D,RQMOZNI,OOEHEIE,EEEAAAIIONNRRTTLLSSUUDGBCPFVWYKJX,16,0,False
33S,43A,53M,EIKOREI,EAZVUNY,EEEAAIIOOONNRRTTTLLSUDDGBCPFHWJXQ,22,0,False
33D,43Y,53E,ZLOEBJT,SHWAEIV,EEEAAAIIIOOONNNRRRTTLSUUDGCMPFKXQ,18,0,False
33B,43E,53T,FEQIEGI,RJELROM,EEAAAAIIOOONNNRTTLSSUUDDCPHVWYKXZ,14,0,False
33L,43O,53T,EKRSEDR,NGUYEAT,EEEAAAIIIIOOONNRTLSUDBCMPFHVWJXQZ,10,0,False
12T,22O,32Y,42E,52D,TDUPAAN,ALIBZAO,EEEEEIIIOONNRRRTLSSUGCMFHVWKJXQ,36,0,False
33R,43O,53M,SLNIELS,PGIFDAR,EEEEEAAAIIOOONNRTTTUUDBCHVWYKJXQZ,22,0,False
11P,12I,13G,33R,43O,53M,SLNIELS,FDARINV,EEEEEAAAIOOONRTTTUUDBCHWYKJXQZ,22,10,True
12Q,22U,32A,42K,52E,NLIVEED,TMXRNNE,EEAAAIIIOOOORRTTLSSUDGBCPFHWYJZ,72,0,False
13Q,23U,33A,43K,53E,25E,26M,NLIVEED,TXRNNGD,EEAAAIIIOOOORRTTLSSUBCPFHWYJZ,72,80,True
33L,43O,53T,IIFNHVR,IAIQEUK,EEEEEAAAOOONNRRTTLSSUDDGBCMPWYJXZ,10,0,False
33F,43E,53D,IETISUA,PENDROO,EEEAAAIIOONNRRTTLLSUGBCMHVWYKJXQZ,22,0,False
33N,43O,53T,63E,SOIIYWA,MOCVTAF,EEEEEAAIIONNRRRTLLSUUDDGBPHKJXQZ,12,0,False
33M,43I,53S,63T,EJIOIEZ,OSUFLOT,EEEEAAAAIONNNRRRTLUDDGBCPHVWYKXQ,16,0,False
33A,43T,53E,KIJLLAO,IQDIBIN,EEEEEAAOOONNRRRTTSSUUDGCMPFHVWYXZ,10,0,False
33T,43A,53L,63E,IUIGLEF,RAETJIS,EEEAAIOOOONNNRRTSUDDBCMPHVWYKXQZ,12,0,False
33N,43U,53T,ERMLQAI,AEUIXNY,EEEEAAIIOOOONRRTTLSSDDGBCPFHVWKJZ,10,0,False
33M,43O,53P,IEQLKST,ETAGUHF,EEEEAAAIIIOOONNNRRRTLSUDDBCVWYJXZ,26,0,False
33M,43O,53W,REAAXHN,TKEUFQE,EEEAAIIIIOOONNRRTTLLSSUDDGBCPVYJZ,32,0,False
33S,43I,53M,KFOUJDN,ERRWNTE,EEEEAAAAIIIOOONRTTLLSUDGBCPHVYXQZ,22,0,False
33S,43A,53G,EQEERIL,NTEUPOC,EEAAAIIIOOONNRRTTLSUDDBMFHVWYKJXZ,16,0,False
33R,43A,53N,RAQTEAJ,OZINWXE,EEEEAIIIOOONRTTLLSSUUDDGBCMPFHVYK,10,0,False
33R,43A,53W,TLAQNEC,UZEISTI,EEEEAAIIOOOONNRRTLSUDDGBMPFHVYKJX,28,0,False
33R,43A,53T,SITQULY,OHONNXI,EEEEEEAAAIIOONRRTLSUDDGBCMPFVWKJZ,10,0,False
33N,43I,53M,ENNIGLS,HRUTOAE,EEEEAAAIIOOORRTTLSUDDBCPFVWYKJXQZ,22,0,False
33W,43A,53D,JIHEEUO,NIECTPL,EEEAAAIIOOONNRRRTTLSSUDGBMFVYKXQZ,22,0,False
33R,43E,53D,WCEELUR,NZHTXAN,EEEAAAIIIIOOOONRTTLSSUDGBMPFVYKJQ,16,0,False
33F,43A,53T,ZTOUESI,UDRHXGQ,EEEEEAAAIIIOOONNNRRTLLSDBCMPVWYKJ,16,0,False
33F,43A,53D,YEQZPVO,SEBAIIE,EEEAAIIOOONNNRRRTTTLLSUUDGCMHWKJX,22,0,False
33T,43I,53X,CZQIIDF,MARTOGY,EEEEEEAAAIOOONNNRRTLLSSUUDBPHVWKJ,52,0,False
33R,43E,53S,CUIFUXA,VRLDEED,EEEAAAIIIOOOONNNRTTTLSGBMPHWYKJQZ,10,0,False
33B,43A,53R,VUTIEAA,ITDPKDL,EEEEEAIIOOOONNNRRTLSSUGCMFHWYJXQZ,14,0,False
33S,43E,53X,CGWEIRA,REMIHER,EEAAAIIOOOONNNTTTLLSUUDDBPFVYKJQZ,52,0,False
33B,43I,53N,UECLNMG,DROENDQ,EEEEAAAAIIIOOORRTTTLSSUPFHVWYKJXZ,14,0,False
33T,43E,53N,UAEBGHE,EQVOLIA,EEAAIIIOOONNRRRTTLSSUDDCMPFWYKJXZ,10,0,False
33V,43A,53T,IYMOQRI,EAURXLD,EEEEEAAIIOOONNNRTTLSSUDGBCPFHWKJZ,16,0,False
33D,43O,53T,AVOQFMA,EHEKTEL,EEEAAIIIIOONNNRRRTLSSUUDGBCPWYJXZ,12,0,False
33B,43E,53D,CZEEIEM,TALUQKG,EEAAAIIIOOOONNNRRRTTLSSUDPFHVWYJX,20,0,False
33F,43U,53N,ISTBOTE,SEDNEJO,EEEAAAAIIIOONRRRTLLUDGCMPHVWYKXQZ,16,0,False
33W,43O,53K,NOUXJEE,YTLELFH,EEEAAAAIIIIOONNRRRTTSSUDDGBCMPVQZ,40,0,False
33R,43A,53T,NICNVEO,NEFMART,EEEEAAIIIOOORTLLSSUUDDGBPHWYKJXQZ,10,0,False
33B,43O,53T,XEQIIDG,ESEWLNC,EEEAAAAIIOOONNRRRTTLSUUDMPFHVYKJZ,14,0,False
33M,43A,53T,ENURXAN,PIWOILE,EEEEAAIIOOONRRTTLSSUDDGBCFHVYKJQZ,14,0,False
33R,43O,53B,INNSDEE,ZNTCTDP,EEEEAAAAIIIOOORRTLLSUUGMFHVWYKJXQ,22,0,False
33N,43A,53G,XZYODIU,RSWAKAD,EEEEEEAIIIOOONNRRTTTLLSUBCMPFHVJQ,16,0,False
33L,43E,53E,UAUOORA,SAIYGET,EEEAIIIOONNNRRTTLSDDBCMPFHVWKJXQZ,10,0,False
33L,43E,53T,DXSYJRT,AIEGANI,EEEEAAIIOOOONNRRTLSUUDBCMPFHVWKQZ,10,0,False
33M,43A,53D,PURAOUN,SVEIZYI,EEEEEAAIIOOONNRRTTTLLSDGBCFHWKJXQ,20,0,False
33C,43U,53T,OVDUROI,IIBERGW,EEEEEAAAAIOONNNRTTLLSSDMPFHYKJXQZ,14,0,False
33B,43I,53T,DSRECOE,ENNNIAH,EEEAAAIIOOORRTTLLSUUDGMPFVWYKJXQZ,14,0,False
33B,43E,53D,XLNHAQO,ZTEANIJ,EEEEAAIIIOOONRRRTTLSSUUDGCMPFVWYK,20,0,False
33T,43O,53W,FUTAGNL,ALNIVIN,EEEEEEAAIIOOORRRTSSUDDBCMPHYKJXQZ,28,0,False
33P,43I,53T,FCTDAJR,KALRIYN,EEEEEEAAIIOOOONNRTLSSUUDGBMHVWXQZ,14,0,False
33H,43A,53T,EZDOEAT,IKOERLN,EEEAAIIIOONNRRTLSSUUDGBCMPFVWYJXQ,16,0,False
33T,43E,53N,RZRIEOU,TAHTQEV,EEEAAAIIIOOONNRLLSSUDDGBCMPFWYKJX,10,0,False
33M,43A,53T,UEIIERA,GIEXROK,EEEAAIOOONNNRTTLLSSUDDBCPFHVWYJQZ,14,0,False
33R,43A,53G,QNYIONE,UBAOSTT,EEEEEAAIIIOONRRTLLSUDDCMPFHVWKJXZ,16,0,False
33W,43A,53S,TUHERZE,OQYNNIE,EEEAAAIIIOOONRRTTLLSUDDGBCMPFVKJX,16,0,False
33T,43I,53N,63G,UTMXLIR,DONPOHW,EEEEEEAAAAIIOONRRTLSSUDBCFVYKJQZ,14,0,False
33T,43E,53G,IAUCIOL,TESBVQE,EEEAAAIIOOONNNRRRTLSUDDMPFHWYKJXZ,16,0,False
33B,43U,53T,EONSWRP,GVMAINC,EEEEEAAAIIIOOONRRTTLLSUDDFHYKJXQZ,14,0,False
33R,43E,53X,TIIEYON,RGNDLUP,EEEEAAAAIIOOONRTTLSSUDBCMFHVWKJQZ,52,0,False
33R,43U,53N,DIUVEGD,OJRLENE,EEEAAAAIIIOOONRTTTLSSBCMPFHWYKXQZ,10,0,False
33R,43O,53W,JLTLMAE,NEXUUIA,EEEEAAIIIOOONNRRTTSSDDGBCPFHVYKQZ,28,0,False
33C,43O,53N,KEMZDPR,LGOISIJ,EEEEEAAAAIIOONNRRTTTLSUUDBFHVWYXQ,14,0,False
22R,32E,42S,52T,OZCTEEE,NMQNRGY,EEAAAAIIIIOOONRTLLSUUDDBPFHVWKJX,16,0,False
33R,43A,53D,IEDLSIY,TZTOPNE,EEEEAAAIIOOONNRRTLSUUGBCMFHVWKJXQ,16,0,False
33R,43O,53T,LUCDXTM,HNSEJNI,EEEEEAAAAIIIOOONRRTLSUDGBPFVWYKQZ,10,0,False
33Y,43E,53S,OTKDOQD,LIEINUL,EEEEAAAAIIOONNRRRTTSUGBCMPFHVWJXZ,16,0,False
33B,43A,53R,AITUDOO,NFQEPIY,EEEEEAAIIOONNRRTTLLSSUDGCMHVWKJXZ,14,0,False
33R,43A,53M,IJOUPHA,TLIBEZO,EEEEEAAIIOONNNRRTTLSSUDDGCFVWYKXQ,22,0,False
33N,43O,53D,VECELQG,NANPTRO,EEEEAAAIIIIOORRTTLSSUUDBMFHWYKJXZ,16,0,False
33L,43O,53D,63E,OVYXRGE,AIONZNW,EEEEAAAIIIONRRTTTLSSUUDBCMPFHKJQ,18,0,False
33R,43I,53D,FCIUYOQ,KTROEHA,EEEEEAAAIIOONNNRTTLLSSUDGBMPVWJXZ,16,0,False
QJOBNGD,OUMEDPZ,EEEEEAAAAIIIIOONNRRRTTTLLSSUCFHVWYKX,0,0,False
QJOBNGD,OUMEDPZ,EEEEEAAAAIIIIOONNRRRTTTLLSSUCFHVWYKX,0,0,True
QJOBNGD,OUMEDPZ,EEEEEAAAAIIIIOONNRRRTTTLLSSUCFHVWYKX,0,0,False
QJOBNGD,OUMEDPZ,EEEEEAAAAIIIIOONNRRRTTTLLSSUCFHVWYKX,0,0,True
QJOBNGD,OUMEDPZ,EEEEEAAAAIIIIOONNRRRTTTLLSSUCFHVWYKX,0,0,False
QJOBNGD,OUMEDPZ,EEEEEAAAAIIIIOONNRRRTTTLLSSUCFHVWYKX,0,0,True
QJOBNGD,OUMEDPZ,EEEEEAAAAIIIIOONNRRRTTTLLSSUCFHVWYKX,0,0,False
QJOBNGD,OUMEDPZ,EEEEEAAAAIIIIOONNRRRTTTLLSSUCFHVWYKX,0,0,True
QJOBNGD,OUMEDPZ,EEEEEAAAAIIIIOONNRRRTTTLLSSUCFHVWYKX,0,0,False
QJOBNGD,OUMEDPZ,EEEEEAAAAIIIIOONNRRRTTTLLSSUCFHVWYKX,0,0,True
QJOBNGD,OUMEDPZ,EEEEEAAAAIIIIOONNRRRTTTLLSSUCFHVWYKX,0,0,False
QJOBNGD,OUMEDPZ,EEEEEAAAAIIIIOONNRRRTTTLLSSUCFHVWYKX,0,0,True
QJOBNGD,OUMEDPZ,EEEEEAAAAIIIIOONNRRRTTTLLSSUCFHVWYKX,0,0,False
QJOBNGD,OUMEDPZ,EEEEEAAAAIIIIOONNRRRTTTLLSSUCFHVWYKX,0,0,True
QJOBNGD,OUMEDPZ,EEEEEAAAAIIIIOONNRRRTTTLLSSUCFHVWYKX,0,0,False
QJOBNGD,OUMEDPZ,EEEEEAAAAIIIIOONNRRRTTTLLSSUCFHVWYKX,0,0,True
QJOBNGD,OUMEDPZ,EEEEEAAAAIIIIOONNRRRTTTLLSSUCFHVWYKX,0,0,False
QJOBNGD,OUMEDPZ,EEEEEAAAAIIIIOONNRRRTTTLLSSUCFHVWYKX,0,0,True
QJOBNGD,OUMEDPZ,EEEEEAAAAIIIIOONNRRRTTTLLSSUCFHVWYKX,0,0,False
QJOBNGD,OUMEDPZ,EEEEEAAAAIIIIOONNRRRTTTLLSSUCFHVWYKX,0,0,True
QJOBNGD,OUMEDPZ,EEEEEAAAAIIIIOONNRRRTTTLLSSUCFHVWYKX,0,0,False
33E,43D,TTNTYON,XELINRZ,EEEEAAAAIIIOOORRLSSUUDGBCMPFHVWKJQ,6,0,False
33R,43A,53N,OQEENOB,LOKTFMT,EEEEAAAIIIIONRRTLSSUUDDGCPHVWYJXZ,10,0,False
33R,43E,53X,OIEIBDA,JAEPOIE,EEAAIOONNNRRTTTLLSSUUDGCMFHVWYKQZ,52,0,False
22P,32A,42V,52E,IETOOIG,AUJTDTO,EEEEAAIIONNNRRRLLSSUDBCMFHWYKXQZ,36,0,False
33C,43A,53G,EUIXDJT,LONWOER,EEEEAAAIIIOONNRRTTLSSUDBMPFHVYKQZ,20,0,False
33R,43O,53T,RCGINKE,IOVOHLA,EEEEEAAAIIONNRTTLSSUUDDBMPFWYJXQZ,10,0,False
33R,43I,53D,QFRLUAG,SBPVDRE,EEEEEAAAIIIOOOONNNTTTLSUCMHWYKJXZ,16,0,False
33L,43O,53T,KAOILRS,GZEREIO,EEEEAAAIIONNNRTTSUUDDBCMPFHVWYJXQ,10,0,False
22J,32O,IAZEVES,NFSOUNR,EEEEAAAIIIOONRRTTTLLUDDGBCMPHWYKXQ,18,0,False
33R,43A,53R,63E,OHOALIO,NRBPNYT,EEEEEAAIIIONTTLSSUUDDGCMFVWKJXQZ,12,0,False
33M,43O,53D,IEESTXA,TCEEAUH,EEAAIIIOOONNNRRRTLLSUDGBPFVWYKJQZ,20,0,False
33F,43O,53N,63E,IBNVOOU,ZEDLAST,EEEEAAAIIIONRRRTTLSUDGCMPHWYKJXQ,18,0,False
13V,23A,33N,LOAHOME,UEARRON,EEEEAIIIIONRTTTLSSUDDGBCPFWYKJXQZ,28,0,False
33R,43O,53D,YMIETIA,OWIAEUS,EEEEAAIOONNNRRTTLLSUDGBCPFHVKJXQZ,16,0,False
33G,43O,53T,EILIEOS,RLTEMYU,EEEAAAAIIOONNNRRTSUDDBCPFHVWKJXQZ,12,0,False
33R,43A,53T,IWGTXOB,PHREAIE,EEEEAAIIOOONNNRTLLSSUUDDCMFVYKJQZ,10,0,False
33D,43O,53N,EIVJIEM,YSARGEB,EEEAAAIIOOONNRRTTTLLSUUDCPFHWKXQZ,12,0,False
33R,43E,53D,FNMIRIG,SEDSXNA,EEEEAAAIIOOOONRTTTLLUUBCPHVWYKJQZ,16,0,False
23F,33I,43T,VURYSRE,TPQBODN,EEEEEAAAAIIIOOONNRTLLSUDGCMHWKJXZ,12,0,False
23R,33A,43D,VHKZEIN,RSRYUOP,EEEEEAAAIIIOOONNTTTLLSUDGBCMFWJXQ,8,0,False
33G,43I,53N,OIZHPXF,VINAJYI,EEEEEEAAAOOONRRRTTTLLSSUUDDBCMWKQ,12,0,False
33R,43A,53Y,SEZNPIG,OEEFTOI,EEEAAAIIOONNRRTTLLSUUDDBCMHVWKJXQ,28,0,False
33F,43E,53R,63N,ILNOBPS,ARCIYVE,EEEEAAAIIOOONRTTTLSUUDDGMHWKJXQZ,18,0,False
13N,23O,33W,43T,RQMADNX,UOHTRAA,EEEEEEAIIIIOONRTLLSSUDGBCPFVYKJZ,18,0,False
33M,43I,53C,EQAFNYG,EUTAZTS,EEEEAAIIIOOOONNRRRTLLSUDDBPHVWKJX,26,0,False
33N,43O,53D,AOZOLIT,SEUHERI,EEEEAAAIIONNRRTTLSUDGBCMPFVWYKJXQ,16,0,False
33R,43A,53N,ICEEXJS,OIKGDOV,EEEEAAAIIOONNRRTTTLLSUUDBMPFHWYQZ,10,0,False
33B,43E,53R,63E,YQIGAOC,AUIDFKN,EEEEAAIIOOONNRRTTTLLSSUDMPHVWJXZ,16,0,False
12F,22A,32I,42L,UOENALH,ETNJCOT,EEEEAAIIIOONRRRTSSUDDGBMPVWYKXQZ,28,0,False
33R,43E,53M,SLSJTLE,GIWEDKF,EEEAAAAIIIOOOONNNRRTTUUDBCPHVYXQZ,22,0,False
33Y,43O,53U,EUEOIWR,AIBDLAL,EEEEAAIIOONNNRRTTTSSDGCMPFHVKJXQZ,16,0,False
33L,43E,53E,SZKACRE,TIVUSMA,EEEAAIIIOOOONNNRRTTLUDDGBPFHWYJXQ,10,0,False
33R,43E,53D,OSIZTIE,IUOGBUI,EEEEAAAAOONNNRRTTLLSDCMPFHVWYKJXQ,16,0,False
33D,43I,53P,RVGTFOI,SNNAELL,EEEEEAAAIIOOONRRTTSUUDBCMHWYKJXQZ,24,0,False
33D,43A,53G,EIEUMCX,AYLNRTH,EEEEAAIIIOOOONNRRTTLSSUDBPFVWKJQZ,18,0,False
33N,43E,53D,JOEROYE,TSIFXLT,EEEAAAAIIIOONNRRTLSUUDGBCMPHVWKQZ,16,0,False
33R,43U,53N,EVCUWYN,EAIQTOA,EEEEAAIIIOOONRRTTLLSSDDGBMPFHKJXZ,10,0,False
32R,33A,34S,EUEICVK,IUENIAY,EEEAAIOOOONNRRTTTLLSDDGBMPFHWJXQZ,6,0,False
33D,34E,35F,ISZRCYO,OTARLDB,EEEEEAAAIIIOONNNRTTLSUUGMPHVWKJXQ,30,0,False
33T,43A,53X,IEOJWGY,EBMFZCD,EEEEAAAIIIOOONNNRRRTTLLSSUUDPHVKQ,52,0,False
33S,43E,53T,LUAOIYW,CKSFBEH,EEEEAAAIIIOOONNNRRRTTLUDDGMPVJXQZ,10,0,False
33S,43A,53L,63T,ANHAIRN,DFIGJCX,EEEEEEAIIOOOONRRTTLSUUDBMPVWYKQZ,12,0,False
33A,43R,53T,IHZNNUI,EQSOKRR,EEEEEAAAIIOOONTTLLSUDDGBCMPFVWYJX,10,0,False
11L,12E,13T,14S,OEEEUOD,WHAAVJE,EAAIIIIOONNNRRRTTLSUDGBCMPFYKXQZ,6,0,False
01A,11L,12E,42H,13T,43A,14S,44V,45E,OEEEUOD,WJIRMKR,EAAIIIOONNNRTTLSUDGBCPFYXQZ,6,40,True
01A,11L,12E,42H,13T,43A,14S,44V,45E,16D,26O,EEEUONI,WJIRMKR,EAAIIOONNRTTLSUDGBCPFYXQZ,10,40,False
33N,43E,53T,QLIIGVF,CIKEPRA,EEEEAAAIOOOONNRRTTLSSUUDDBMHWYJXZ,10,0,False
33S,43A,53T,LOOKION,UUVPERB,EEEEEAAAIIIONNRRTTLSDDGCMFHWYJXQZ,10,0,False
33H,43A,53T,EOIBOIX,OVIPSTG,EEEEEAAAIONNNRRRTLLSUUDDCMFWYKJQZ,16,0,False
22P,32U,42N,52S,YNOEJVR,HIDMASR,EEEEEAAAIIIOOONRTTTLLUDGBCFWKXQZ,24,0,False
33N,43E,53T,FIHRDOO,IRBNKME,EEEEAAAAIIOONRTTLLSSUUDGCPVWYJXQZ,10,0,False
12N,22O,SEKEVFA,TRENRBD,EEEAAAIIIIOOONRTTLLSUUDGCMPHWYJXQZ,4,0,False
33B,43A,53T,ESDUGRO,ANSLTML,EEEEEAAIIIIOOONNRRTUDCPFHVWYKJXQZ,14,0,False
33F,43I,53T,HJIDKNA,WREEOAO,EEEEAAIIOONNRRTTLLSSUUDGBCMPVYXQZ,16,0,False
33S,43I,53N,OTSKOIE,RIOUARE,EEEEAAAIONNRTTLLUDDGBCMPFHVWYJXQZ,10,0,False
32C,33U,34T,OJIXDAE,PIOLFID,EEEEEAAAIOONNNRRRTTLSSUGBMHVWYKQZ,10,0,False
32B,33O,34T,SZDTAYI,KIQJIPU,EEEEEEAAAIOOONNNRRRTLLSUDGCMFHVWX,10,0,False
32R,33O,34A,35S,36T,CEENZIJ,ERLUBRA,EEEAAIIIOOONNTTLSUDDGMPFHVWYKXQ,14,0,False
33R,43A,53T,UZLUIXE,EDLSNOK,EEEEAAAIIIOOONNRRTTSDGBCMPFHVWYJQ,10,0,False
22D,32O,42E,AKIZYDO,HNSELCI,EEEEAAAIIOONNRRRTTTLSUUGBMPFVWJXQ,16,0,False
33S,43A,53T,GLIIAEE,ESDDWAO,EEEAIIOOONNNRRRTTLUUBCMPFHVYKJXQZ,10,0,False
33N,43O,53D,NWOLIHG,QEXASBR,EEEEEAAAIIIOONRRTTTLSUUDCMPFVYKJZ,16,0,False
33P,43A,53N,DEZQGAO,FTRKUOH,EEEEEAAIIIIOONNRRTTLLSSUDBCMVWYJX,14,0,False
33F,43E,53D,QAOEEUH,IDBATYO,EEEAAIIIOONNNRRRTTLLSSUGCMPVWKJXZ,22,0,False
33T,43I,53N,BZONAOT,IEWAUCA,EEEEEAIIOONRRRTLLSSUDDGMPFHVYKJXQ,10,0,False
33M,43E,53N,OURNAAJ,XDESIPI,EEEEAAIIOOONRRTTTLLSUDGBCFHVWYKQZ,14,0,False
33B,43A,53Y,CVEUTET,ZJXKQDR,EEEEAAAIIIIOOOONNNRRTLLSSUDGMPFHW,32,0,False
13Q,23U,33A,43S,53I,ZSENAEH,VUKEERE,EAAIIIOOOONNRRTTTLLDDGBCMPFWYJX,72,0,False
33R,43A,53T,LUIRVJC,EMDDIEF,EEEEAAAIIOOOONNNRTTLSSUGBPHWYKXQZ,10,0,False
23L,33E,43T,QONUSAR,YOPALWV,EEEEEAAIIIIOONNRRTTSUDDGBCMFHKJXZ,6,0,False
23Z,33A,43N,53Y,QOJEATD,IELHSRW,EEEEAAIIIOOONNRRTTLSUUDGBCMPFVKX,48,0,False
33A,43G,53E,AUKCQRN,JAIXALB,EEEEEIIIOOOONNRRTTTLSSUDDMPFHVWYZ,12,0,False
32J,33A,43G,53E,AUKCQRN,AIXALBL,EEEEEIIIOOOONNRRTTTSSUDDMPFHVWYZ,12,25,True
32J,33A,43G,53E,44A,45N,UKCQREO,AIXALBL,EEEEIIIOOONNRRTTTSSUDDMPFHVWYZ,16,25,False
41L,32J,42A,33A,43G,53E,44A,45N,UKCQREO,IXABLZN,EEEEIIIOOONRRTTTSSUDDMPFHVWY,16,36,True
41L,32J,42A,23C,33A,43G,53E,44A,45N,UKQOERD,IXABLZN,EEEEIIIOOONRRTTTSSUDMPFHVWY,19,36,False
31A,41L,32J,42A,23C,33A,43G,53E,44A,45N,UKQOERD,IXBLZNO,EEEEIIIOONRRTTTSSUDMPFHVWY,19,51,True
31A,41L,51L,32J,42A,23C,33A,43G,53E,44A,45N,UKQOERD,IXBZNO,EEEEIIIOONRRTTTSSUDMPFHVWY,19,56,False
31A,41L,51L,32J,42A,23C,33A,43G,53E,24O,44A,25N,45N,UKQOERD,IXBZTOI,EEEEIIONRRTTSSUDMPFHVWY,19,60,True
33W,43A,53R,AIDONRS,DQYUAIF,EEEEEEAIIOOONNRTTTLLSUGBCMPHVKJXZ,16,0,False
32A,33W,43A,53R,AIDONRS,DQYUIFR,EEEEEEAIIOOONNTTTLLSUGBCMPHVKJXZ,16,7,True
32A,33W,43A,53R,54A,55D,IONRSHP,DQYUIFR,EEEEEEAIIOOONNTTTLLSUGBCMVKJXZ,19,7,False
22D,32A,33W,43A,53R,54A,55D,IONRSHP,QYUIFRE,EEEEEAIIOOONNTTTLLSUGBCMVKJXZ,19,16,True
00S,10H,20I,30P,22D,32A,33W,43A,53R,54A,55D,ONRZABO,QYUIFRE,EEEEEIIOONNTTTLLSUGCMVKJX,49,16,False
00D,10O,20O,30R,MEZOUAE,HBWLCIR,EEEEAAAIIIONNNRTTTLSSUDGPFVYKJXQ,18,0,False
00L,10O,20T,CQKRWAR,EEDZHEB,EEEAAAIIIIOOONNNRTTLSSUUDGMPFVYJX,12,0,False
00R,10A,20G,ULOQTNP,EOAFUVS,EEEEEAAIIIIOONNRRTTLSDDBCMHWYKJXZ,18,0,False
33N,43I,53X,AQINSEN,OVSFRUE,EEEEAAAIIOOORRTTTLLUDDGBCMPHWYKJZ,52,0,False
03V,13E,23R,33N,43I,53X,AQINSEN,OSFUMTU,EEEEAAAIIOOORRTTLLDDGBCPHWYKJZ,52,28,True
03V,13E,23R,33N,43I,53X,44N,AQISNEH,OSFUMTU,EEEEAAAIIOOORRTTLLDDGBCPWYKJZ,54,28,False
01S,02O,03V,13E,23R,33N,43I,53X,44N,AQISNEH,FUMTUYE,EEEAAAIIOOORRTTLLDDGBCPWKJZ,54,38,True
01S,11E,21N,31A,02O,03V,13E,23R,33N,43I,53X,44N,QISHZOR,FUMTUYE,EEEAAAIIOORTTLLDDGBCPWKJ,59,38,False
10F,01S,11E,21N,31A,02O,12E,03V,13E,23R,33N,43I,53X,44N,QISHZOR,UMTUYLP,EEEAAAIIOORTTLDDGBCWKJ,59,53,True
33R,43E,53D,OAICOUS,LRTPLHA,EEEEEAAIIIOONNNRTTSUDGBMFVWYKJXQZ,16,0,False
23A,33R,43E,53D,OAICOUS,LRTPLHN,EEEEEAAIIIOONNRTTSUDGBMFVWYKJXQZ,16,7,True
33F,43E,53R,63M,TOANPRT,VBIAETA,EEEEAIIIOOONNRLLSSUUDDGCHWYKJXQZ,22,0,False
32I,33F,43E,53R,63M,TOANPRT,VBAETAU,EEEEAIIIOOONNRLLSSUDDGCHWYKJXQZ,22,7,True
22P,32I,42T,33F,43E,53R,63M,OARTNEC,VBAETAU,EEEAIIIOOONNRLLSSUDDGHWYKJXQZ,43,7,False
21U,22P,32I,42T,33F,43E,53R,63M,OARTNEC,VBAETAH,EEEAIIIOOONNRLLSSUDDGWYKJXQZ,43,13,True
21U,22P,32I,42T,33F,43E,53R,63M,54E,55N,56T,OARCEJN,VBAETAH,EEAIIIOOONRLLSSUDDGWYKXQZ,46,13,False
01V,11A,21U,22P,32I,42T,33F,43E,53R,63M,54E,55N,56T,OARCEJN,BETAHLI,EEAIIOOONRLSSUDDGWYKXQZ,46,28,True
01V,11A,21U,02A,22P,32I,42T,03R,33F,43E,53R,63M,54E,55N,56T,OCEJNYU,BETAHLI,EEAIIOOONRLSSDDGWKXQZ,49,28,False
10B,01V,11A,21U,02A,22P,32I,42T,03R,33F,43E,53R,63M,54E,55N,56T,OCEJNYU,ETAHLIQ,EEAIIOOONRLSSDDGWKXZ,49,38,True
10B,01V,11A,21U,02A,22P,32I,42T,03R,33F,43E,53R,63M,44N,54E,55N,56T,CEJYUOO,ETAHLIQ,EEAIIOONRLSSDDGWKXZ,53,38,False
00A,10B,20E,30T,01V,11A,21U,02A,22P,32I,42T,03R,33F,43E,53R,63M,44N,54E,55N,56T,OCEJNYU,ETAHLIQ,EEAIIOOONRLSSDDGWKXZ,227,49,True
33N,43O,53T,ZBXTLNE,ALFYAHE,EEEEAAIIIIOOONRRRTSSUUDDGCMPVWKJQ,10,0,False
32A,33N,43O,53T,ZBXTLNE,LFYAHEV,EEEEAAIIIIOOONRRRTSSUUDDGCMPWKJQ,10,4,True
32A,33N,43O,53T,54E,55N,ZBXTLQP,LFYAHEV,EEEEAAIIIIOOONRRRTSSUUDDGCMWKJ,12,4,False
22L,32A,33N,43O,53T,54E,55N,ZBXTLQP,FYAHEVS,EEEEAAIIIIOOONRRRTSUUDDGCMWKJ,12,9,True
31P,22L,32A,33N,43O,53T,54E,55N,ZBXTLQU,FYAHEVS,EEEEAAIIIIOOONRRRTSUDDGCMWKJ,21,9,False
11F,21A,31P,22L,32A,33N,43O,53T,54E,55N,ZBXTLQU,YHEVSIU,EEEEAAIIIOOONRRRTSDDGCMWKJ,21,26,True
20B,11F,21A,31P,22L,32A,33N,43O,53T,54E,55N,ZXTLQUO,YHEVSIU,EEEEAAIIIOONRRRTSDDGCMWKJ,27,26,False
00H,10U,20B,11F,21A,31P,22L,32A,33N,43O,53T,54E,55N,ZBXTLQU,YHEVSIU,EEEEAAIIIOOONRRRTSDDGCMWKJ,74,36,True
33R,43A,53T,CRIOOPI,IEHDFEG,EEEEAAAIOONNNRTTLLSSUUDBMVWYKJXQZ,10,0,False
23D,33R,43A,53T,CRIOOPI,IEHFEGQ,EEEEAAAIOONNNRTTLLSSUUDBMVWYKJXZ,10,9,True
23D,33R,43A,53T,24R,25O,26P,CIOIKVI,IEHFEGQ,EEEEAAAOONNNRTTLLSSUUDBMWYJXZ,26,9,False
32E,23D,33R,43A,53T,24R,25O,26P,CIOIKVI,IHFEGQN,EEEEAAAOONNRTTLLSSUUDBMWYJXZ,26,13,True
32E,23D,33R,43A,53T,24R,54I,25O,55C,26P,56K,OIVIENX,IHFEGQN,EEEAAAOONRTTLLSSUUDBMWYJZ,35,13,False
22H,32E,23D,33R,43A,53T,24R,54I,25O,55C,26P,56K,CIOIKVI,IHFEGQN,EEEEAAAOONNRTTLLSSUUDBMWYJXZ,74,26,True
33N,43E,53D,OOLSAIX,IUPZFKE,EEEEAAAIIOONNRRRTTTLSUDGBCMHVWYJQ,16,0,False
13P,23I,33N,43E,53D,OOLSAIX,UZFKELE,EEEAAAIIOONNRRRTTTSUDGBCMHVWYJQ,16,21,True
13P,23I,33N,43E,53D,14A,15X,OOLISUT,UZFKELE,EEEAAAIIOONNRRRTTSDGBCMHVWYJQ,25,21,False
22K,13P,23I,33N,43E,53D,14A,15X,OOLISUT,UZFELEQ,EEEAAAIIOONNRRRTTSDGBCMHVWYJ,25,42,True
22K,13P,23I,33N,43E,53D,14A,54U,15X,55S,56T,OOLIBOJ,UZFELEQ,EEEAAAIIONNRRRTTSDGCMHVWY,28,42,False
02Z,12E,22K,13P,23I,33N,43E,53D,14A,54U,15X,55S,56T,OOLISUT,UZFELEQ,EEEAAAIIOONNRRRTTSDGBCMHVWYJ,95,71,True
33F,43I,53T,AVEOATG,IUJKZMR,EEEEEAAIIOOONNNRRTLLSSUDDBCPHWYXQ,16,0,False
32I,33F,43I,53T,AVEOATG,UJKZMRR,EEEEEAAIIOOONNNRTLLSSUDDBCPHWYXQ,16,7,True
32I,33F,43I,53T,54A,55G,VEOATUE,UJKZMRR,EEEEAAIIOOONNNRTLLSSDDBCPHWYXQ,19,7,False
22K,32I,33F,43I,53T,54A,55G,VEOATUE,UJZMRRD,EEEEAAIIOOONNNRTLLSSDBCPHWYXQ,19,28,True
33S,43E,53X,OATNKZL,ROUDMAF,EEEEEAAIIIIOONNRRTTLSUDGBCPHVWYJQ,52,0,False
32O,33S,43E,53X,OATNKZL,RUDMAFR,EEEEEAAIIIIOONNRTTLSUDGBCPHVWYJQ,52,4,True
32O,33S,43E,53X,44N,OAKZLTI,RUDMAFR,EEEEEAAIIIOONNRTTLSUDGBCPHVWYJQ,54,4,False
22D,32O,33S,43E,53X,44N,OAKZLTI,RUMAFRB,EEEEEAAIIIOONNRTTLSUDGCPHVWYJQ,54,13,True
21A,22D,32O,33S,43E,53X,44N,OKZLITS,RUMAFRB,EEEEEAAIIIOONNRTTLUDGCPHVWYJQ,55,13,False
11M,21A,22D,32O,33S,43E,53X,44N,OKZLITS,RUAFRBW,EEEEEAAIIIOONNRTTLUDGCPHVYJQ,55,23,True
20L,11M,21A,22D,32O,33S,43E,53X,44N,OKZITSG,RUAFRBW,EEEEEAAIIIOONNRTTLUDCPHVYJQ,57,23,False
10A,20L,11M,21A,22D,32O,33S,43E,53X,44N,OKZITSG,RUFRBWR,EEEEEAAIIIOONNTTLUDCPHVYJQ,57,30,True
10A,20L,11M,21A,31S,22D,32O,33S,43E,53X,44N,KZIGTOP,RUFRBWR,EEEEEAAIIIOONNTTLUDCHVYJQ,65,30,False
00B,10A,20L,11M,21A,31S,22D,32O,33S,43E,53X,44N,KZIGTOP,RUFRWRT,EEEEEAAIIIOONNTLUDCHVYJQ,65,47,True
00B,10A,20L,11M,21A,31S,41T,22D,32O,33S,43E,53X,44N,KZIGOPI,RUFRWRT,EEEEEAAIIOONNTLUDCHVYJQ,66,47,False
00B,10A,20L,11M,21A,31S,41T,12U,22D,32O,33S,43E,53X,44N,KZIGOPI,RFRWRTU,EEEEEAAIIOONNTLDCHVYJQ,66,57,True
22S,32E,42X,ICSROID,NRIPUEF,EEEEAAAAIOOONNRTTTLLUDGBMHVWYKJQZ,40,0,False
02U,12N,22S,32E,42X,ICSROID,RIPEFHO,EEEEAAAAIOONNRTTTLLUDGBMVWYKJQZ,40,16,True
31R,02U,12N,22S,32E,42X,33S,ICOIDOZ,RIPEFHO,EEEEAAAAIONNRTTTLLUDGBMVWYKJQ,48,16,False
21E,31R,02U,12N,22S,32E,42X,33S,ICOIDOZ,RIPFHOA,EEEEAAAIONNRTTTLLUDGBMVWYKJQ,48,21,True
21E,31R,02U,12N,22S,32E,42X,13O,33S,14D,ICIOZRT,RIPFHOA,EEEEAAAIONNTTLLUDGBMVWYKJQ,53,21,False
33N,43O,AAIXZTI,YJGAPEU,EEEEEAIIOOONNRRRTTLLSSUDDBCMFHVWKQ,4,0,False
13G,23Y,33N,43O,AAIXZTI,JAPEUOE,EEEEAIIOONNRRRTTLLSSUDDBCMFHVWKQ,4,20,True
13G,23Y,33N,43O,44X,AAIZTIU,JAPEUOE,EEEEAIIOONNRRRTTLLSSDDBCMFHVWKQ,20,20,False
12A,13G,23Y,33N,43O,44X,AAIZTIU,JPEUOET,EEEEAIIOONNRRRTLLSSDDBCMFHVWKQ,20,25,True
12A,13G,23Y,33N,43O,14A,44X,AIZIUTR,JPEUOET,EEEEAIIOONNRRTLLSSDDBCMFHVWKQ,21,25,False
02J,12A,13G,23Y,33N,43O,14A,44X,AIZIUTR,PEUOETO,EEEEAIIONNRRTLLSSDDBCMFHVWKQ,21,58,True
33P,43A,53N,63E,UAVTCES,KTFHYEN,EEEAAIIIIOOOONRRRTLLSUDDGBMWJXQZ,16,0,False
31K,32E,33P,43A,53N,63E,UAVTCES,TFHYNUT,EEEAAIIIIOOOONRRRLLSDDGBMWJXQZ,16,30,True
31K,32E,33P,43A,53N,63E,34S,UAVTCEB,TFHYNUT,EEEAAIIIIOOOONRRRLLSDDGMWJXQZ,17,30,False
11Y,21U,31K,32E,33P,43A,53N,63E,34S,UAVTCEB,TFHNTEG,EEAAIIIIOOOONRRRLLSDDMWJXQZ,17,49,True
11Y,21U,31K,32E,33P,43A,53N,63E,34S,54E,55T,UAVCBJI,TFHNTEG,EEAAIIIOOOONRRRLLSDDMWXQZ,19,49,False
10F,11Y,21U,31K,32E,33P,43A,53N,63E,34S,54E,55T,UAVCBJI,THNTEGI,EEAAIIOOOONRRRLLSDDMWXQZ,19,65,True
10F,11Y,21U,31K,32E,33P,43A,53N,63E,34S,54E,45A,55T,UVCBJIA,THNTEGI,EEAIIOOOONRRRLLSDDMWXQZ,20,65,False
00E,10F,11Y,21U,31K,32E,33P,43A,53N,63E,34S,54E,45A,55T,UVCBJIA,THNTGIX,EEAIIOOOONRRRLLSDDMWQZ,20,74,True
33S,43E,53T,LRRMEEV,IXAYPIA,EEEAAIIOOOONNNRTTLSUUDDGBCFHWKJQZ,10,0,False
32I,33S,43E,53T,LRRMEEV,XAYPIAE,EEAAIIOOOONNNRTTLSUUDDGBCFHWKJQZ,10,4,True
00L,10A,20X,TZAAHNY,SONQGDS,EEEEEEAIIIIOOONRRRTTLUUDBCMPFVWKJ,54,0,False
13H,23A,33T,AINQFRR,GVSETAA,EEEEEIIIOOOONNRTLLSUUDDBCMPWYKJXZ,28,0,False
03G,13H,23A,33T,AINQFRR,VSETAAE,EEEEIIIOOOONNRTLLSUUDDBCMPWYKJXZ,28,12,True
22F,03G,13H,23A,33T,24R,INQRAUK,VSETAAE,EEEEIIIOOOONNRTLLSUDDBCMPWYJXZ,48,12,False
12E,22F,03G,13H,23A,33T,24R,INQRAUK,VSTAAEI,EEEEIIOOOONNRTLLSUDDBCMPWYJXZ,48,23,True
51R,12E,22F,52A,03G,13H,23A,33T,53N,24R,IQUKNEM,VSTAAEI,EEEIIOOOONRTLLSUDDBCPWYJXZ,53,23,False
41A,51R,12E,22F,52A,03G,13H,23A,33T,53N,24R,IQUKNEM,VSTAEIU,EEEIIOOOONRTLLSDDBCPWYJXZ,53,27,True
41A,51R,12E,22F,52A,03G,13H,23A,33T,53N,24R,36M,46E,56N,IQUKTEO,VSTAEIU,EEIIOOONRLLSDDBCPWYJXZ,59,27,False
31V,41A,51R,12E,22F,52A,03G,13H,23A,33T,53N,24R,36M,46E,56N,IQUKTEO,STAEIUX,EEIIOOONRLLSDDBCPWYJZ,59,49,True
31V,41A,51R,12E,22F,52A,03G,13H,23A,33T,53N,24R,45T,55E,36M,46E,56N,IQUKODW,STAEIUX,EEIIOOONRLLSDBCPYJZ,63,49,False
40S,31V,41A,51R,12E,22F,42T,52A,03G,13H,23A,33J,43A,53G,24R,45T,55E,36M,46E,56N,AEIEANB,NYUTLOT,EEEEAIIIOOONRRRTLSSUDDCMPFHVWKXQZ,93,49,True
33B,43O,53N,OUINOES,ERAEIAK,EEEAAIIONRRTTTLLSUDDGCMPFHVWYJXQZ,14,0,False
23E,33B,43O,53N,OUINOES,RAEIAKZ,EEEAAIIONRRTTTLLSUDDGCMPFHVWYJXQ,14,8,True
44N,54O,64T,ERTUQMJ,XSOARIK,EEEEEEEAAAAAIIIIIOOONNNRRTTLLLSSUUDDDGGBCPFHVWYZ,3,0,False
34S,44N,54O,64T,ERTUQMJ,XOARIKE,EEEEEEAAAAAIIIIIOOONNNRRTTLLLSSUUDDDGGBCPFHVWYZ,3,6,True
34S,44N,54O,64T,45U,46T,ERQMJIH,XOARIKE,EEEEEEAAAAAIIIIOOONNNRRTTLLLSSUUDDDGGBCPFVWYZ,5,6,False
33O,34S,44N,54O,64T,45U,46T,ERQMJIH,XARIKED,EEEEEEAAAAAIIIIOOONNNRRTTLLLSSUUDDGGBCPFVWYZ,5,10,True
33O,34S,44N,54O,64T,45U,46T,56E,66R,76M,QJIHELL,XARIKED,EEEEEAAAAAIIIIOOONNNRRTTLSSUUDDGGBCPFVWYZ,10,10,False
23I,33O,34S,44N,54O,64T,45U,46T,56E,66R,76M,QJIHELL,XARKEDA,EEEEEAAAAIIIIOOONNNRRTTLSSUUDDGGBCPFVWYZ,10,14,True
23I,33O,34S,44N,54O,64T,45U,46T,56E,66R,76M,77E,78L,QJIHLDR,XARKEDA,EEEEEAAAAIIIIOOONNNRTTLSSUUDGGBCPFVWYZ,12,14,False
00T,10A,CPMFSEL,XJHYOZW,EINRUDGBVKQ,2,0,False
00T,10A,11W,CPMFSEL,XJHYOZV,EINRUDGBKQ,2,4,True
00T,10A,01E,11W,CPMFSLD,XJHYOZV,EINRUGBKQ,8,4,False
33T,43A,53D,ERXUHML,TEBPGOI,EEEEAAAIIIOOONNNRRTLSSUDCFVWYKJQZ,16,0,False
32E,33T,43A,53D,ERXUHML,TBPGOIY,EEEEAAAIIIOOONNNRRTLSSUDCFVWKJQZ,16,4,True
32E,33T,43A,53D,54U,55M,ERXHLTI,TBPGOIY,EEEEAAAIIOOONNNRRLSSUDCFVWKJQZ,20,4,False
22T,32E,33T,43A,53D,54U,55M,ERXHLTI,BPGOIYE,EEEAAAIIOOONNNRRLSSUDCFVWKJQZ,20,9,True
22T,32E,33T,43A,53D,54U,64R,55M,EXHLTIV,BPGOIYE,EEEAAAIIOOONNNRRLSSUDCFWKJQZ,22,9,False
02B,12O,22T,32E,33T,43A,53D,54U,64R,55M,EXHLTIV,PGIYEIN,EEEAAAIOOONNRRLSSUDCFWKJQZ,22,25,True
02B,12O,22T,32E,13X,33T,43A,53D,54U,64R,55M,HLIVTEF,PGIYEIN,EEEAAAIOOONNRRLSSUDCWKJQZ,46,25,False
00G,01I,02B,12O,22T,32E,13X,33T,43A,53D,54U,64R,55M,HLIVTEF,PYEINRE,EEAAAIOOONNRLSSUDCWKJQZ,46,42,True
00G,10I,20F,01I,02B,12O,22T,32E,13X,33T,43A,53D,54U,64R,55M,HVTELEO,PYEINRE,EAAAIOONNRLSSUDCWKJQZ,55,42,False
00G,10I,20F,01I,21E,02B,12O,22T,32E,13X,33T,43A,53D,54U,64R,55M,HVTELEO,PYINRES,EAAAIOONNRLSUDCWKJQZ,55,50,True
00G,10I,20F,01I,21E,02B,12O,22T,32E,13X,33T,43A,53D,54U,64R,55M,06V,16E,26T,HLEOQCA,PYINRES,EAAIOONNRLSUDWKJZ,76,50,False
33F,43E,53T,RJQUCEO,TOUHNXB,EEEEAAAAIIIIOONNRRTLLSSDDGMPVWYKZ,16,0,False
32O,33F,43E,53T,RJQUCEO,TUHNXBD,EEEEAAAAIIIIOONNRRTLLSSDGMPVWYKZ,16,7,True
32O,33F,43E,53T,15C,25O,35U,45R,55E,QJMIZKL,TUHNXBD,EEEEAAAAIIIOONNRRTLSSDGPVWY,25,7,False
22T,32O,33F,43E,53T,15C,25O,35U,45R,55E,QJMIZKL,UHNXBDE,EEEAAAAIIIOONNRRTLSSDGPVWY,25,12,True
21I,22T,32O,33F,43E,53T,15C,25O,35U,45R,55E,QJMZKLA,UHNXBDE,EEEAAAIIIOONNRRTLSSDGPVWY,26,12,False
11H,21I,22T,32O,33F,43E,53T,15C,25O,35U,45R,55E,QJMZKLA,UNXBDEN,EEEAAAIIIOONRRTLSSDGPVWY,26,25,True
50M,11H,21I,51A,22T,32O,33F,43E,53T,15C,25O,35U,45R,55E,QJZKLPR,UNXBDEN,EEEAAAIIIOONRTLSSDGVWY,30,25,False
40U,50M,11H,21I,51A,22T,32O,33F,43E,53T,15C,25O,35U,45R,55E,QJZKLPR,NXBDENW,EEEAAAIIIOONRTLSSDGVY,30,32,True
30R,40U,50M,11H,21I,51A,22T,32O,33F,43E,53T,15C,25O,35U,45R,55E,QJZKLPN,NXBDENW,EEEAAAIIIOORTLSSDGVY,31,32,False
20D,30R,40U,50M,11H,21I,51A,22T,32O,33F,43E,53T,15C,25O,35U,45R,55E,QJZKLPN,NXBENWA,EEEAAIIIOORTLSSDGVY,31,47,True
20D,30R,40U,50M,11H,21I,51A,61L,22T,32O,33F,43E,53T,15C,25O,35U,45R,55E,QJZKPNS,NXBENWA,EEEAAIIIOORTLSDGVY,32,47,False
20D,30R,40U,50M,11H,21I,51A,61L,22T,32O,33F,43E,53T,15C,25O,35U,45R,55E,QJZKPNS,NXBENWA,EEEAAIIIOORTLSDGVY,64,94,True
20D,30R,40U,50M,11H,21I,51A,61L,22T,32O,33F,43E,53T,15C,25O,35U,45R,55E,QJZKPNS,NXBENWA,EEEAAIIIOORTLSDGVY,96,141,False
20D,30R,40U,50M,11H,21I,51A,61L,22T,32O,33F,43E,53T,15C,25O,35U,45R,55E,QJZKPNS,NXBENWA,EEEAAIIIOORTLSDGVY,128,188,True
20D,30R,40U,50M,11H,21I,51A,61L,22T,32O,33F,43E,53T,15C,25O,35U,45R,55E,QJZKPNS,NXBENWA,EEEAAIIIOORTLSDGVY,160,235,False
20D,30R,40U,50M,11H,21I,51A,61L,22T,32O,33F,43E,53T,15C,25O,35U,45R,55E,QJZKPNS,NXBENWA,EEEAAIIIOORTLSDGVY,192,282,True
20D,30R,40U,50M,11H,21I,51A,61L,22T,32O,33F,43E,53T,15C,25O,35U,45R,55E,QJZKPNS,NXBENWA,EEEAAIIIOORTLSDGVY,224,329,False
20D,30R,40U,50M,11H,21I,51A,61L,22T,32O,33F,43E,53T,15C,25O,35U,45R,55E,QJZKPNS,NXBENWA,EEEAAIIIOORTLSDGVY,256,376,True
20D,30R,40U,50M,11H,21I,51A,61L,22T,32O,33F,43E,53T,15C,25O,35U,45R,55E,QJZKPNS,NXBENWA,EEEAAIIIOORTLSDGVY,288,423,False
20D,30R,40U,50M,11H,21I,51A,61L,22T,32O,33F,43E,53T,15C,25O,35U,45R,55E,QJZKPNS,NXBENWA,EEEAAIIIOORTLSDGVY,320,470,True
20D,30R,40U,50M,11H,21I,51A,61L,22T,32O,33F,43E,53T,15C,25O,35U,45R,55E,QJZKPNS,NXBENWA,EEEAAIIIOORTLSDGVY,352,517,False
20D,30R,40U,50M,11H,21I,51A,61L,22T,32O,33F,43E,53T,15C,25O,35U,45R,55E,QJZKPNS,NXBENWA,EEEAAIIIOORTLSDGVY,384,564,True
20D,30R,40U,50M,11H,21I,51A,61L,22T,32O,33F,43E,53T,15C,25O,35U,45R,55E,QJZKPNS,NXBENWA,EEEAAIIIOORTLSDGVY,416,611,False
20D,30R,40U,50M,11H,21I,51A,61L,22T,32O,33F,43E,53T,15C,25O,35U,45R,55E,QJZKPNS,NXBENWA,EEEAAIIIOORTLSDGVY,448,658,True
20D,30R,40U,50M,11H,21I,51A,61L,22T,32O,33F,43E,53T,15C,25O,35U,45R,55E,QJZKPNS,NXBENWA,EEEAAIIIOORTLSDGVY,32,47,False
20D,30R,40U,50M,11H,21I,51A,61L,22T,32O,33F,43E,53T,15C,25O,35U,45R,55E,QJZKPNS,NXBENWA,EEEAAIIIOORTLSDGVY,64,94,True
20D,30R,40U,50M,11H,21I,51A,61L,22T,32O,33F,43E,53T,15C,25O,35U,45R,55E,QJZKPNS,NXBENWA,EEEAAIIIOORTLSDGVY,96,141,False
20D,30R,40U,50M,11H,21I,51A,61L,22T,32O,33F,43E,53T,15C,25O,35U,45R,55E,QJZKPNS,NXBENWA,EEEAAIIIOORTLSDGVY,128,188,True
20D,30R,40U,50M,11H,21I,51A,61L,22T,32O,33F,43E,53T,15C,25O,35U,45R,55E,QJZKPNS,NXBENWA,EEEAAIIIOORTLSDGVY,160,235,False
20D,30R,40U,50M,11H,21I,51A,61L,22T,32O,33F,43E,53T,15C,25O,35U,45R,55E,QJZKPNS,NXBENWA,EEEAAIIIOORTLSDGVY,192,282,True
20D,30R,40U,50M,11H,21I,51A,61L,22T,32O,33F,43E,53T,15C,25O,35U,45R,55E,QJZKPNS,NXBENWA,EEEAAIIIOORTLSDGVY,224,329,False
20D,30R,40U,50M,11H,21I,51A,61L,22T,32O,33F,43E,53T,15C,25O,35U,45R,55E,QJZKPNS,NXBENWA,EEEAAIIIOORTLSDGVY,256,376,True
20D,30R,40U,50M,11H,21I,51A,61L,22T,32O,33F,43E,53T,15C,25O,35U,45R,55E,QJZKPNS,NXBENWA,EEEAAIIIOORTLSDGVY,288,423,False
20D,30R,40U,50M,11H,21I,51A,61L,22T,32O,33F,43E,53T,15C,25O,35U,45R,55E,QJZKPNS,NXBENWA,EEEAAIIIOORTLSDGVY,320,470,True
20D,30R,40U,50M,11H,21I,51A,61L,22T,32O,33F,43E,53T,15C,25O,35U,45R,55E,QJZKPNS,NXBENWA,EEEAAIIIOORTLSDGVY,352,517,False
20D,30R,40U,50M,11H,21I,51A,61L,22T,32O,33F,43E,53T,15C,25O,35U,45R,55E,QJZKPNA,NXBENWA,EEEAIIIOORTLSSDGVY,32,47,False
20D,30R,40U,50M,11H,21I,51A,61L,22T,32O,33F,43E,53T,15C,25O,35U,45R,55E,QJZKPNA,NXBENWA,EEEAIIIOORTLSSDGVY,32,47,True
20D,30R,40U,50M,11H,21I,51A,61L,22T,32O,33F,43E,53T,15C,25O,35U,45R,55E,QJZKPNA,NXBENWA,EEEAIIIOORTLSSDGVY,32,47,False
20D,30R,40U,50M,11H,21I,51A,61L,22T,32O,33F,43E,53T,15C,25O,35U,45R,55E,QJZKPNA,NXBENWA,EEEAIIIOORTLSSDGVY,32,47,True
20D,30R,40U,50M,11H,21I,51A,61L,22T,32O,33F,43E,53T,15C,25O,35U,45R,55E,QJZKPNA,NXBENWA,EEEAIIIOORTLSSDGVY,32,47,False
20D,30R,40U,50M,11H,21I,51A,61L,22T,32O,33F,43E,53T,15C,25O,35U,45R,55E,QJZKPNA,NXBENWA,EEEAIIIOORTLSSDGVY,32,47,True
20D,30R,40U,50M,11H,21I,51A,61L,22T,32O,33F,43E,53T,15C,25O,35U,45R,55E,QJZKPNA,NXBENWA,EEEAIIIOORTLSSDGVY,32,47,False
20D,30R,40U,50M,11H,21I,51A,61L,22T,32O,33F,43E,53T,15C,25O,35U,45R,55E,QJZKPNA,NXBENWA,EEEAIIIOORTLSSDGVY,32,47,True
20D,30R,40U,50M,11H,21I,51A,61L,22T,32O,33F,43E,53T,15C,25O,35U,45R,55E,QJZKPNA,NXBENWA,EEEAIIIOORTLSSDGVY,32,47,False
20D,30R,40U,50M,11H,21I,51A,61L,22T,32O,33F,43E,53T,15C,25O,35U,45R,55E,QJZKPNA,NXBENWA,EEEAIIIOORTLSSDGVY,32,47,True
20D,30R,40U,50M,11H,21I,51A,61L,22T,32O,33F,43E,53T,15C,25O,35U,45R,55E,QJZKPNA,NXBENWA,EEEAIIIOORTLSSDGVY,32,47,False
20D,30R,40U,50M,11H,21I,51A,61L,22T,32O,33F,43E,53T,15C,25O,35U,45R,55E,QJZKPNA,NXBENWA,EEEAIIIOORTLSSDGVY,32,47,True
20D,30R,40U,50M,11H,21I,51A,61L,22T,32O,33F,43E,53T,15C,25O,35U,45R,55E,QJZKPNA,NXBENWA,EEEAIIIOORTLSSDGVY,32,47,False
20D,30R,40U,50M,11H,21I,51A,61L,22T,32O,33F,43E,53T,15C,25O,35U,45R,55E,QJZKPNA,NXBENWA,EEEAIIIOORTLSSDGVY,32,47,True
20D,30R,40U,50M,11H,21I,51A,61L,02B,12E,22T,32O,42N,33F,43E,53T,15C,25O,35U,45R,55E,QJZKPNA,XNWA,EEEAIIIOORTLSSDGVY,32,73,False
20D,30R,40U,50M,11H,21I,51A,61L,22T,32O,33F,43E,53T,15C,25O,35U,45R,55E,QJZKPND,NXBENWA,EEEAAIIIOORTLSSGVY,32,47,False
20D,30R,40U,50M,11H,21I,51A,61L,02B,12E,22T,32O,42N,33F,43E,53T,15C,25O,35U,45R,55E,QJZKPND,XNWA,EEEAAIIIOORTLSSGVY,32,73,False
33R,43A,53W,KSGFAUO,EITNOSE,EEEEAAIIIOONNRRTTLLUDDBCMPHVYJXQZ,28,0,False
13S,23T,33R,43A,53W,KSGFAUO,EINOEOD,EEEEAAIIIONNRRTTLLUDBCMPHVYJXQZ,28,13,True
42S,13S,23T,33R,43A,53W,44G,KFAUOEC,EINOEOD,EEEAAIIIONNRRTTLLUDBMPHVYJXQZ,40,13,False
32E,42S,13S,23T,33R,43A,53W,44G,KFAUOEC,INOEODV,EEEAAIIIONNRRTTLLUDBMPHYJXQZ,40,18,True
20D,30R,40U,50M,11H,21I,51A,61L,22T,32O,33F,43E,53T,15C,25O,35U,45R,55E,QJZKPNY,NXBENWA,EEEAAIIIOORTLSSDGV,32,47,False
20D,30R,40U,50M,11H,21I,51A,61L,02B,12E,22T,32O,42N,33F,43E,53T,15C,25O,35U,45R,55E,QJZKPNY,XNWA,EEEAAIIIOORTLSSDGV,32,73,False
20D,30R,40U,50M,11H,21I,51A,61L,22T,32O,33F,43E,53T,15C,25O,35U,45R,55E,QJZKPNA,NXBENWA,EEEAIIIOORTLSSDGVY,32,47,False
20D,30R,40U,50M,11H,21I,51A,61L,02B,12E,22T,32O,42N,33F,43E,53T,15C,25O,35U,45R,55E,QJZKPNA,XNWA,EEEAIIIOORTLSSDGVY,32,73,False
20D,30R,40U,50M,11H,21I,51A,61L,22T,32O,33F,43E,53T,15C,25O,35U,45R,55E,QJZKPNL,NXBENWA,EEEAAIIIOORTSSDGVY,32,47,False
20D,30R,40U,50M,11H,21I,51A,61L,02B,12E,22T,32O,42N,33F,43E,53T,15C,25O,35U,45R,55E,QJZKPNL,XNWAVAG,EEEAIIIOORTSSDY,32,73,True
20D,30R,40U,50M,11H,21I,51A,61L,02B,12E,22T,32O,42N,13N,33F,43E,53T,15C,25O,35U,45R,55E,QJZKPLT,XNWAVAG,EEEAIIIOORSSDY,35,73,False
12D,22I,32N,42G,KJHPAIT,XCSNOZT,EEEEEEAAAIIOOONRRRTLLSUUDBMFVWYQ,24,0,False
11O,12D,22I,32N,42G,KJHPAIT,XCSNZTR,EEEEEEAAAIIOOONRRTLLSUUDBMFVWYQ,24,5,True
11O,12D,22I,32N,42G,43A,44T,KJHPILI,XCSNZTR,EEEEEEAAAIOOONRRTLSUUDBMFVWYQ,28,5,False
01S,11O,12D,22I,32N,42G,43A,44T,KJHPILI,XCNZTRS,EEEEEEAAAIOOONRRTLUUDBMFVWYQ,28,9,True
10P,01S,11O,12D,22I,32N,42G,43A,44T,KJHILIU,XCNZTRS,EEEEEEAAAIOOONRRTLUDBMFVWYQ,31,9,False
10P,01S,11O,21X,12D,22I,32N,42G,43A,44T,KJHILIU,CNZTRST,EEEEEEAAAIOOONRRLUDBMFVWYQ,31,36,True
33C,43U,53M,RGANIEE,RVTRADO,EEEEAAIIIOOONNTTLLSSUDBPFHWYKJXQZ,26,0,False
31R,32O,33C,43U,53M,RGANIEE,VTRADDE,EEEAAIIIOOONNTTLLSSUBPFHWYKJXQZ,26,9,True
31R,32O,33C,43U,53M,RGANIEE,VTRADDE,EEEAAIIIOOONNTTLLSSUBPFHWYKJXQZ,26,9,True
31V,32A,33C,43U,53M,RGANIEE,RTRDOKE,EEEAAIIIOOONNTTLLSSUDBPFHWYJXQZ,26,21,True
31V,32A,33C,43U,53M,RGANIEE,RTRDOKE,EEEAAIIIOOONNTTLLSSUDBPFHWYJXQZ,26,21,True
42O,33C,43U,53M,RGANIEE,RVTRADT,EEEEAAIIIOOONNTLLSSUDBPFHWYKJXQZ,26,4,True
42O,33C,43U,53M,RGANIEE,RVTRADT,EEEEAAIIIOOONNTLLSSUDBPFHWYKJXQZ,26,4,True
41V,42A,33C,43U,53M,RGANIEE,RTRDOZE,EEEAAIIIOOONNTTLLSSUDBPFHWYKJXQ,26,16,True
41V,42A,33C,43U,53M,RGANIEE,RTRDOZE,EEEAAIIIOOONNTTLLSSUDBPFHWYKJXQ,26,16,True
40V,41R,42O,33C,43U,53M,RGANIEE,TRADQTN,EEEEAAIIIOOONTLLSSUDBPFHWYKJXZ,26,27,True
40V,41R,42O,33C,43U,53M,RGANIEE,TRADQTN,EEEEAAIIIOOONTLLSSUDBPFHWYKJXZ,26,27,True
52A,33C,43U,53M,RGANIEE,RVTRDOF,EEEEAAIIIOOONNTTLLSSUDBPHWYKJXQZ,26,5,True
52A,33C,43U,53M,RGANIEE,RVTRDOF,EEEEAAIIIOOONNTTLLSSUDBPHWYKJXQZ,26,5,True
51R,52A,33C,43U,53M,RGANIEE,VTRDOIB,EEEEAAIIOOONNTTLLSSUDPFHWYKJXQZ,26,7,True
51R,52A,33C,43U,53M,RGANIEE,VTRDOIB,EEEEAAIIOOONNTTLLSSUDPFHWYKJXQZ,26,7,True
51V,52O,33C,43U,53M,RGANIEE,RTRADXI,EEEEAAIIOOONNTTLLSSUDBPFHWYKJQZ,26,13,True
51V,52O,33C,43U,53M,RGANIEE,RTRADXI,EEEEAAIIOOONNTTLLSSUDBPFHWYKJQZ,26,13,True
33L,43I,53D,TWRONYI,RFARZAQ,EEEEEEAAIIOOONNTTLSSUUDGBCMPHVKJX,16,0,False
32A,33L,43I,53D,TWRONYI,RFRZAQC,EEEEEEAAIIOOONNTTLSSUUDGBMPHVKJX,16,3,True
32A,33L,43I,53D,TWRONYI,RFRZAQC,EEEEEEAAIIOOONNTTLSSUUDGBMPHVKJX,16,3,True
31A,32A,33L,43I,53D,TWRONYI,RFRZQUD,EEEEEEAAIIOOONNTTLSSUGBCMPHVKJX,16,7,True
31A,32A,33L,43I,53D,TWRONYI,RFRZQUD,EEEEEEAAIIOOONNTTLSSUGBCMPHVKJX,16,7,True
30F,31A,32R,33L,43I,53D,TWRONYI,RZAQUEN,EEEEEAAIIOOONTTLSSUDGBCMPHVKJX,16,15,True
30F,31A,32R,33L,43I,53D,TWRONYI,RZAQUEN,EEEEEAAIIOOONTTLSSUDGBCMPHVKJX,16,15,True
42A,33L,43I,53D,TWRONYI,RFRZAQE,EEEEEAAIIOOONNTTLSSUUDGBCMPHVKJX,16,4,True
42A,33L,43I,53D,TWRONYI,RFRZAQE,EEEEEAAIIOOONNTTLSSUUDGBCMPHVKJX,16,4,True
42Q,33L,43I,53D,TWRONYI,RFARZAO,EEEEEEAAIIOONNTTLSSUUDGBCMPHVKJX,16,31,True
42Q,33L,43I,53D,TWRONYI,RFARZAO,EEEEEEAAIIOONNTTLSSUUDGBCMPHVKJX,16,31,True
40Z,41A,42R,33L,43I,53D,TWRONYI,FRAQEHE,EEEEAAIIOOONNTTLSSUUDGBCMPVKJX,16,57,True
40Z,41A,42R,33L,43I,53D,TWRONYI,FRAQEHE,EEEEAAIIOOONNTTLSSUUDGBCMPVKJX,16,57,True
40F,41A,42Q,33L,43I,53D,44R,TWRONYI,RZAOJUA,EEEEEEAIIOONNTTLSSUDGBCMPHVKX,16,97,True
40F,41A,42Q,33L,43I,53D,44R,TWRONYI,RZAOJUA,EEEEEEAIIOONNTTLSSUDGBCMPHVKX,16,97,True
52A,33L,43I,53D,TWRONYI,RFRZAQS,EEEEEEAAIIOOONNTTLSUUDGBCMPHVKJX,16,4,True
52A,33L,43I,53D,TWRONYI,RFRZAQS,EEEEEEAAIIOOONNTTLSUUDGBCMPHVKJX,16,4,True
51R,52A,33L,43I,53D,TWRONYI,FRZAQND,EEEEEEAAIIOOONTTLSSUUGBCMPHVKJX,16,6,True
51R,52A,33L,43I,53D,TWRONYI,FRZAQND,EEEEEEAAIIOOONTTLSSUUGBCMPHVKJX,16,6,True
51F,52A,33L,43I,53D,TWRONYI,RRZAQEP,EEEEEAAIIOOONNTTLSSUUDGBCMHVKJX,16,12,True
51F,52A,33L,43I,53D,TWRONYI,RRZAQEP,EEEEEAAIIOOONNTTLSSUUDGBCMHVKJX,16,12,True
50F,51A,52R,33L,43I,53D,TWRONYI,RZAQEEO,EEEEAAIIOONNTTLSSUUDGBCMPHVKJX,16,14,True
50F,51A,52R,33L,43I,53D,TWRONYI,RZAQEEO,EEEEAAIIOONNTTLSSUUDGBCMPHVKJX,16,14,True
33J,43A,53M,ILLNTRN,FBKOTNU,EEEEEEAAAIIIOOORRTSSUDDGCPHVWYXQZ,36,0,False
13U,23N,33J,43A,53M,ILLNTRN,FBKOTWI,EEEEEEAAAIIOOORRTSSUDDGCPHVYXQZ,36,18,True
13U,23N,33J,43A,53M,ILLNTRN,FBKOTWI,EEEEEEAAAIIOOORRTSSUDDGCPHVYXQZ,36,18,True
30N,31U,32T,33J,43A,53M,34O,35B,ILLNTRN,FKHEGSD,EEEEEAAAIIIOOORRTSUDCPVWYXQZ,36,30,True
30N,31U,32T,33J,43A,53M,34O,35B,ILLNTRN,FKHEGSD,EEEEEAAAIIIOOORRTSUDCPVWYXQZ,36,30,True
13U,23N,33J,43A,53M,ILLNTRN,FBKOTAR,EEEEEEAAIIIOOORTSSUDDGCPHVWYXQZ,36,18,True
13U,23N,33J,43A,53M,ILLNTRN,FBKOTAR,EEEEEEAAIIIOOORTSSUDDGCPHVWYXQZ,36,18,True
42F,33J,43A,53M,ILLNTRN,BKOTNUA,EEEEEEAAIIIOOORRTSSUDDGCPHVWYXQZ,36,13,True
42F,33J,43A,53M,ILLNTRN,BKOTNUA,EEEEEEAAIIIOOORRTSSUDDGCPHVWYXQZ,36,13,True
42K,33J,43A,53M,ILLNTRN,FBOTNUZ,EEEEEEAAAIIIOOORRTSSUDDGCPHVWYXQ,36,16,True
42K,33J,43A,53M,ILLNTRN,FBOTNUZ,EEEEEEAAAIIIOOORRTSSUDDGCPHVWYXQ,36,16,True
41K,42O,33J,43A,53M,ILLNTRN,FBTNUES,EEEEEAAAIIIOOORRTSUDDGCPHVWYXQZ,36,19,True
41K,42O,33J,43A,53M,ILLNTRN,FBTNUES,EEEEEAAAIIIOOORRTSUDDGCPHVWYXQZ,36,19,True
40B,41O,42T,33J,43A,53M,ILLNTRN,FKNUUDO,EEEEEEAAAIIIOORRTSSDGCPHVWYXQZ,36,22,True
40B,41O,42T,33J,43A,53M,ILLNTRN,FKNUUDO,EEEEEEAAAIIIOORRTSSDGCPHVWYXQZ,36,22,True
40K,41U,42T,33J,43A,53M,ILLNTRN,FBONQOU,EEEEEEAAAIIIOORRTSSDDGCPHVWYXZ,36,32,True
40K,41U,42T,33J,43A,53M,ILLNTRN,FBONQOU,EEEEEEAAAIIIOORRTSSDDGCPHVWYXZ,36,32,True
40F,41O,42U,33J,43A,53M,44T,ILLNTRN,BKNSHQE,EEEEEAAAIIIOOORRTSUDDGCPVWYXZ,36,52,True
40F,41O,42U,33J,43A,53M,44T,ILLNTRN,BKNSHQE,EEEEEAAAIIIOOORRTSUDDGCPVWYXZ,36,52,True
40K,41O,42B,33J,43A,53M,44N,ILLNTRN,FTUAUEE,EEEEAAIIIOOORRTSSDDGCPHVWYXQZ,36,71,True
40K,41O,42B,33J,43A,53M,44N,ILLNTRN,FTUAUEE,EEEEAAIIIOOORRTSSDDGCPHVWYXQZ,36,71,True
13U,23N,33J,43A,53M,ILLNTRN,FBKOTHG,EEEEEEAAAIIIOOORRTSSUDDCPVWYXQZ,36,18,True
13U,23N,33J,43A,53M,ILLNTRN,FBKOTHG,EEEEEEAAAIIIOOORRTSSUDDCPVWYXQZ,36,18,True
52O,33J,43A,53M,ILLNTRN,FBKTNUZ,EEEEEEAAAIIIOOORRTSSUDDGCPHVWYXQ,36,5,True
52O,33J,43A,53M,ILLNTRN,FBKTNUZ,EEEEEEAAAIIIOOORRTSSUDDGCPHVWYXQ,36,5,True
51F,52U,33J,43A,53M,ILLNTRN,BKOTNEA,EEEEEAAIIIOOORRTSSUDDGCPHVWYXQZ,36,13,True
51F,52U,33J,43A,53M,ILLNTRN,BKOTNEA,EEEEEAAIIIOOORRTSSUDDGCPHVWYXQZ,36,13,True
51F,52U,33J,43A,53M,44R,45T,ILLNNSE,BKOTNEA,EEEEAAIIIOOORRTSUDDGCPHVWYXQZ,40,13,False
41O,51F,52U,33J,43A,53M,44R,45T,ILLNNSE,BKTNEAI,EEEEAAIIOOORRTSUDDGCPHVWYXQZ,40,19,True
41O,51F,52U,33J,43A,53M,44R,45T,ILLNNSE,BKTNEAI,EEEEAAIIOOORRTSUDDGCPHVWYXQZ,40,19,True
31K,41E,51F,52U,33J,43A,53M,44R,45T,ILLNNSE,BOTNAOT,EEEEAAIIIOORRSUDDGCPHVWYXQZ,40,39,True
31K,41E,51F,52U,33J,43A,53M,44R,45T,ILLNNSE,BOTNAOT,EEEEAAIIIOORRSUDDGCPHVWYXQZ,40,39,True
31T,51F,32A,52U,33J,43A,53M,44R,45T,ILLNNSE,BKONEVG,EEEEAAIIIOOORRTSUDDCPHWYXQZ,40,27,True
31T,51F,32A,52U,33J,43A,53M,44R,45T,ILLNNSE,BKONEVG,EEEEAAIIIOOORRTSUDDCPHWYXQZ,40,27,True
30B,31E,51F,32N,52U,33J,43A,53M,44R,45T,ILLNNSE,KOTAVRW,EEEEAAIIIOOORTSUDDGCPHYXQZ,40,33,True
30B,31E,51F,32N,52U,33J,43A,53M,44R,45T,ILLNNSE,KOTAVRW,EEEEAAIIIOOORTSUDDGCPHYXQZ,40,33,True
30B,31A,51F,32N,52U,33J,43A,53M,34O,44R,45T,ILLNNSE,KTEEVGX,EEEAAIIIOOORRTSUDDCPHWYQZ,40,37,True
30B,31A,51F,32N,52U,33J,43A,53M,34O,44R,45T,ILLNNSE,KTEEVGX,EEEAAIIIOOORRTSUDDCPHWYQZ,40,37,True
51F,52U,33J,43A,53M,34O,44R,45T,ILLNNSE,BKTNEAE,EEEAAIIIOOORRTSUDDGCPHVWYXQZ,40,25,True
51F,52U,33J,43A,53M,34O,44R,45T,ILLNNSE,BKTNEAE,EEEAAIIIOOORRTSUDDGCPHVWYXQZ,40,25,True
51F,52U,33J,43A,53M,24B,34O,44R,45T,ILLNNSE,KTNEAWC,EEEEAAIIIOOORRTSUDDGPHVYXQZ,40,35,True
51F,52U,33J,43A,53M,24B,34O,44R,45T,ILLNNSE,KTNEAWC,EEEEAAIIIOOORRTSUDDGPHVYXQZ,40,35,True
51F,52U,33J,43A,53M,24K,34O,44R,45T,ILLNNSE,BTNEAIA,EEEEAIIOOORRTSUDDGCPHVWYXQZ,40,41,True
51F,52U,33J,43A,53M,24K,34O,44R,45T,ILLNNSE,BTNEAIA,EEEEAIIOOORRTSUDDGCPHVWYXQZ,40,41,True
51F,52U,33J,43A,53M,14K,24B,34A,44R,45T,ILLNNSE,OTNEXEH,EEEAAIIIOOORRTSUDDGCPVWYQZ,40,50,True
51F,52U,33J,43A,53M,14K,24B,34A,44R,45T,ILLNNSE,OTNEXEH,EEEAAIIIOOORRTSUDDGCPVWYQZ,40,50,True
51F,52U,33J,43A,53M,04K,14E,24B,34A,44R,45T,ILLNNSE,OTNOISO,EEEEAAIIORRTUDDGCPHVWYXQZ,40,63,True
51F,52U,33J,43A,53M,04K,14E,24B,34A,44R,45T,ILLNNSE,OTNOISO,EEEEAAIIORRTUDDGCPHVWYXQZ,40,63,True
51F,52U,33J,43A,53M,04K,14O,24T,34A,44R,54E,45T,ILLNNSE,BNHDIRO,EEEEAAIIOORTSUDGCPVWYXQZ,40,69,True
51F,52U,33J,43A,53M,04K,14O,24T,34A,44R,54E,45T,ILLNNSE,BNHDIRO,EEEEAAIIOORTSUDGCPVWYXQZ,40,69,True
51F,52U,33J,43A,53M,44R,35E,45T,ILLNNSE,BKOTNAO,EEEEAAIIIOORRTSUDDGCPHVWYXQZ,40,18,True
51F,52U,33J,43A,53M,44R,35E,45T,ILLNNSE,BKOTNAO,EEEEAAIIIOORRTSUDDGCPHVWYXQZ,40,18,True
51F,52U,33J,43A,53M,44R,25B,35O,45T,ILLNNSE,KTNEAWX,EEEEAAIIIOOORRTSUDDGCPHVYQZ,40,24,True
51F,52U,33J,43A,53M,44R,25B,35O,45T,ILLNNSE,KTNEAWX,EEEEAAIIIOOORRTSUDDGCPHVYQZ,40,24,True
51F,52U,33J,43A,53M,44R,25K,35E,45T,ILLNNSE,BOTNAEE,EEAAIIIOOORRTSUDDGCPHVWYXQZ,40,28,True
51F,52U,33J,43A,53M,44R,25K,35E,45T,ILLNNSE,BOTNAEE,EEAAIIIOOORRTSUDDGCPHVWYXQZ,40,28,True
51F,52U,33J,43A,53M,44R,15K,25N,35O,45T,ILLNNSE,BTEACIW,EEEEAAIIOOORRTSUDDGPHVYXQZ,40,30,True
51F,52U,33J,43A,53M,44R,15K,25N,35O,45T,ILLNNSE,BTEACIW,EEEEAAIIOOORRTSUDDGPHVYXQZ,40,30,True
33M,43O,53T,63E,QEAXEZA,APTTELK,EEAIIIIOOONNNRRRLSSUUDDGBCFHVWYJ,16,0,False
23E,33M,43O,53T,63E,QEAXEZA,APTTLKO,EEAIIIIOONNNRRRLSSUUDDGBCFHVWYJ,16,8,True
23E,33M,43O,53T,63E,QEAXEZA,APTTLKO,EEAIIIIOONNNRRRLSSUUDDGBCFHVWYJ,16,8,True
32A,33M,43O,53T,63E,QEAXEZA,PTTELKR,EEAIIIIOOONNNRRLSSUUDDGBCFHVWYJ,16,5,True
32A,33M,43O,53T,63E,QEAXEZA,PTTELKR,EEAIIIIOOONNNRRLSSUUDDGBCFHVWYJ,16,5,True
31P,32A,33M,43O,53T,63E,QEAXEZA,TTELKLC,EEAIIIIOOONNNRRRSSUUDDGBFHVWYJ,16,17,True
31P,32A,33M,43O,53T,63E,QEAXEZA,TTELKLC,EEAIIIIOOONNNRRRSSUUDDGBFHVWYJ,16,17,True
31K,32A,33M,43O,53T,63E,QEAXEZA,PTTELIH,EEAIIIOOONNNRRRLSSUUDDGBCFVWYJ,16,25,True
31K,32A,33M,43O,53T,63E,QEAXEZA,PTTELIH,EEAIIIOOONNNRRRLSSUUDDGBCFVWYJ,16,25,True
33B,43A,53N,SFAUAIJ,YAOMTUE,EEEEEIIIOOONNRRRTTLLSDDGCPHVWKXQZ,14,0,False
13A,23M,33B,43A,53N,SFAUAIJ,YOTUEIR,EEEEEIIOOONNRRTTLLSDDGCPHVWKXQZ,14,15,True
13A,23M,33B,43A,53N,SFAUAIJ,YOTUEIR,EEEEEIIOOONNRRTTLLSDDGCPHVWKXQZ,14,15,True
03A,13M,23E,33B,43A,53N,SFAUAIJ,YOTUDTI,EEEEEIIOOONNRRRTLLSDGCPHVWKXQZ,14,21,True
03A,13M,23E,33B,43A,53N,SFAUAIJ,YOTUDTI,EEEEEIIOOONNRRRTLLSDGCPHVWKXQZ,14,21,True
32A,33B,43A,53N,SFAUAIJ,YOMTUEL,EEEEEIIIOOONNRRRTTLSDDGCPHVWKXQZ,14,5,True
32A,33B,43A,53N,SFAUAIJ,YOMTUEL,EEEEEIIIOOONNRRRTTLSDDGCPHVWKXQZ,14,5,True
31Y,32O,33B,43A,53N,SFAUAIJ,AMTUETG,EEEEEIIIOOONNRRRTLLSDDCPHVWKXQZ,14,21,True
31Y,32O,33B,43A,53N,SFAUAIJ,AMTUETG,EEEEEIIIOOONNRRRTLLSDDCPHVWKXQZ,14,21,True
30M,31A,32Y,33B,43A,53N,34E,SFAUAIJ,OTUTLIE,EEEEIIOOONNRRRTLSDDGCPHVWKXQZ,14,23,True
30M,31A,32Y,33B,43A,53N,34E,SFAUAIJ,OTUTLIE,EEEEIIOOONNRRRTLSDDGCPHVWKXQZ,14,23,True
13A,23M,33B,43A,53N,SFAUAIJ,YOTUETI,EEEEEIIOOONNRRRTLLSDDGCPHVWKXQZ,14,15,True
13A,23M,33B,43A,53N,SFAUAIJ,YOTUETI,EEEEEIIOOONNRRRTLLSDDGCPHVWKXQZ,14,15,True
03A,13M,23E,33B,43A,53N,SFAUAIJ,YOTUEPX,EEEEIIIOOONNRRRTTLLSDDGCHVWKQZ,14,21,True
03A,13M,23E,33B,43A,53N,SFAUAIJ,YOTUEPX,EEEEIIIOOONNRRRTTLLSDDGCHVWKQZ,14,21,True
42Y,33B,43A,53N,SFAUAIJ,AOMTUEV,EEEEEIIIOOONNRRRTTLLSDDGCPHWKXQZ,14,13,True
42Y,33B,43A,53N,SFAUAIJ,AOMTUEV,EEEEEIIIOOONNRRRTTLLSDDGCPHWKXQZ,14,13,True
41Y,42E,33B,43A,53N,SFAUAIJ,AOMTUTI,EEEEEIIOOONNRRRTLLSDDGCPHVWKXQZ,14,16,True
41Y,42E,33B,43A,53N,SFAUAIJ,AOMTUTI,EEEEEIIOOONNRRRTLLSDDGCPHVWKXQZ,14,16,True
33B,43A,53N,44T,45M,46A,SFAUAIJ,YOUELEV,EEEEIIIOOONNRRRTTLSDDGCPHWKXQZ,14,18,True
33B,43A,53N,44T,45M,46A,SFAUAIJ,YOUELEV,EEEEIIIOOONNRRRTTLSDDGCPHWKXQZ,14,18,True
42M,33B,43A,53N,44Y,45A,SFAUAIJ,OTUESEE,EEEIIIOOONNRRRTTLLDDGCPHVWKXQZ,14,41,True
42M,33B,43A,53N,44Y,45A,SFAUAIJ,OTUESEE,EEEIIIOOONNRRRTTLLDDGCPHVWKXQZ,14,41,True
13A,23M,33B,43A,53N,SFAUAIJ,YOTUEQE,EEEEIIIOOONNRRRTTLLSDDGCPHVWKXZ,14,15,True
13A,23M,33B,43A,53N,SFAUAIJ,YOTUEQE,EEEEIIIOOONNRRRTTLLSDDGCPHVWKXZ,14,15,True
03A,13M,23E,33B,43A,53N,SFAUAIJ,YOTUTIR,EEEEEIIOOONNRRTLLSDDGCPHVWKXQZ,14,21,True
03A,13M,23E,33B,43A,53N,SFAUAIJ,YOTUTIR,EEEEEIIOOONNRRTLLSDDGCPHVWKXQZ,14,21,True
52A,33B,43A,53N,SFAUAIJ,YOMTUEI,EEEEEIIOOONNRRRTTLLSDDGCPHVWKXQZ,14,3,True
52A,33B,43A,53N,SFAUAIJ,YOMTUEI,EEEEEIIOOONNRRRTTLLSDDGCPHVWKXQZ,14,3,True
51Y,52O,33B,43A,53N,SFAUAIJ,AMTUESN,EEEEEIIIOOONRRRTTLLDDGCPHVWKXQZ,14,11,True
51Y,52O,33B,43A,53N,SFAUAIJ,AMTUESN,EEEEEIIIOOONRRRTTLLDDGCPHVWKXQZ,14,11,True
50A,51Y,52O,33B,43A,53N,54T,SFAUAIJ,MUEIERC,EEEEIIOOONNRRTTLLSDDGPHVWKXQZ,14,15,True
50A,51Y,52O,33B,43A,53N,54T,SFAUAIJ,MUEIERC,EEEEIIOOONNRRTTLLSDDGPHVWKXQZ,14,15,True
50M,51E,52Y,33B,43A,53N,54T,SFAUAIJ,AOUXPTN,EEEEEIIIOOONRRRTLLSDDGCHVWKQZ,14,19,True
50M,51E,52Y,33B,43A,53N,54T,SFAUAIJ,AOUXPTN,EEEEEIIIOOONRRRTLLSDDGCHVWKQZ,14,19,True
50M,51E,42F,52Y,33B,43A,53N,54T,SAUAIJK,AOUXPTN,EEEEEIIIOOONRRRTLLSDDGCHVWQZ,30,19,False
40A,50M,51E,42F,52Y,33B,43A,53N,54T,SAUAIJK,OUXPTNI,EEEEEIIOOONRRRTLLSDDGCHVWQZ,30,25,True
40A,50M,51E,42F,52Y,33B,43A,53N,54T,SAUAIJK,OUXPTNI,EEEEEIIOOONRRRTLLSDDGCHVWQZ,30,25,True
30P,40A,50M,51E,42F,52Y,33B,43A,53N,54T,SAUAIJK,OUXTNQR,EEEEEIIIOOONRRTLLSDDGCHVWZ,30,31,True
30P,40A,50M,51E,42F,52Y,33B,43A,53N,54T,SAUAIJK,OUXTNQR,EEEEEIIIOOONRRTLLSDDGCHVWZ,30,31,True
10N,20O,30T,40U,50M,51E,42F,52Y,33B,43A,53N,54T,SAUAIJK,AXPEHSG,EEEEIIIOOONRRRTLLDDCVWQZ,30,32,True
10N,20O,30T,40U,50M,51E,42F,52Y,33B,43A,53N,54T,SAUAIJK,AXPEHSG,EEEEIIIOOONRRRTLLDDCVWQZ,30,32,True
50M,51E,42F,52Y,13U,23N,33B,43A,53N,54T,SAUAIJK,AOXPTZW,EEEEEIIIOOONRRRTLLSDDGCHVQ,30,30,True
50M,51E,42F,52Y,13U,23N,33B,43A,53N,54T,SAUAIJK,AOXPTZW,EEEEEIIIOOONRRRTLLSDDGCHVQ,30,30,True
50M,51E,42F,52Y,13U,23N,33B,43A,53N,54T,SAUAIJK,AOXPTIW,EEEEEIIOOONRRRTLLSDDGCHVQZ,30,30,True
50M,51E,42F,52Y,13U,23N,33B,43A,53N,54T,SAUAIJK,AOXPTIW,EEEEEIIOOONRRRTLLSDDGCHVQZ,30,30,True
50M,51E,42F,52Y,13U,23N,33B,43A,53N,54T,SAUAIJK,AOXPTVT,EEEEEIIIOOONRRRLLSDDGCHWQZ,30,30,True
50M,51E,42F,52Y,13U,23N,33B,43A,53N,54T,SAUAIJK,AOXPTVT,EEEEEIIIOOONRRRLLSDDGCHWQZ,30,30,True
50M,51E,42F,52Y,33B,43A,53N,44A,54T,SAUAIJK,OUXPTNT,EEEEEIIIOOONRRRLLSDDGCHVWQZ,30,29,True
50M,51E,42F,52Y,33B,43A,53N,44A,54T,SAUAIJK,OUXPTNT,EEEEEIIIOOONRRRLLSDDGCHVWQZ,30,29,True
50M,51E,42F,52Y,33B,43A,53N,34A,44P,54T,SAUAIJK,OUXTNLV,EEEEEIIIOOONRRRTLSDDGCHWQZ,30,44,True
50M,51E,42F,52Y,33B,43A,53N,34A,44P,54T,SAUAIJK,OUXTNLV,EEEEEIIIOOONRRRTLSDDGCHWQZ,30,44,True
33R,43E,53X,IAYETLN,IRDNIPA,EEEEAAIOOOONRTTLSSUUDGBCMFHVWKJQZ,52,0,False
23P,33R,43E,53X,IAYETLN,IRDNIAA,EEEEAIOOOONRTTLSSUUDGBCMFHVWKJQZ,52,16,True
23P,33R,43E,53X,IAYETLN,IRDNIAA,EEEEAIOOOONRTTLSSUUDGBCMFHVWKJQZ,52,16,True
32A,33R,43E,53X,IAYETLN,IRDNIPB,EEEEAAIOOOONRTTLSSUUDGCMFHVWKJQZ,52,3,True
32A,33R,43E,53X,IAYETLN,IRDNIPB,EEEEAAIOOOONRTTLSSUUDGCMFHVWKJQZ,52,3,True
31P,32I,33R,43E,53X,IAYETLN,RDNIANB,EEEEAAIOOOORTTLSSUUDGCMFHVWKJQZ,52,15,True
31P,32I,33R,43E,53X,IAYETLN,RDNIANB,EEEEAAIOOOORTTLSSUUDGCMFHVWKJQZ,52,15,True
33R,43E,53G,FRCSYAE,RNDSTAE,EEEAAIIIIOOOONNTTLLUUDBMPHVWKJXQZ,16,0,False
23D,33R,43E,53G,FRCSYAE,RNSTAEI,EEEAAIIIOOOONNTTLLUUDBMPHVWKJXQZ,16,8,True
23D,33R,43E,53G,FRCSYAE,RNSTAEI,EEEAAIIIOOOONNTTLLUUDBMPHVWKJXQZ,16,8,True
32A,33R,43E,53G,FRCSYAE,RNDSTEP,EEEAAIIIIOOOONNTTLLUUDBMHVWKJXQZ,16,3,True
32A,33R,43E,53G,FRCSYAE,RNDSTEP,EEEAAIIIIOOOONNTTLLUUDBMHVWKJXQZ,16,3,True
31S,32A,33R,43E,53G,FRCSYAE,RNDTEKT,EEEAAIIIIOOOONNTLLUUDBMPHVWJXQZ,16,7,True
31S,32A,33R,43E,53G,FRCSYAE,RNDTEKT,EEEAAIIIIOOOONNTLLUUDBMPHVWJXQZ,16,7,True
33R,43E,53G,34E,35A,36R,FRCSYAE,NDSTAAM,EEEIIIIOOOONNTTLLUUDBPHVWKJXQZ,16,9,True
33R,43E,53G,34E,35A,36R,FRCSYAE,NDSTAAM,EEEIIIIOOOONNTTLLUUDBPHVWKJXQZ,16,9,True
30D,31E,32A,33R,43E,53G,FRCSYAE,RNSTDLN,EEEAAIIIIOOOONTTLUUBMPHVWKJXQZ,16,11,True
30D,31E,32A,33R,43E,53G,FRCSYAE,RNSTDLN,EEEAAIIIIOOOONTTLUUBMPHVWKJXQZ,16,11,True
33R,43E,53N,QEEYHZA,ADCVNUR,EEEAAIIIIOOOONRTTTLLSSUDGBMPFWKJX,10,0,False
32A,33R,43E,53N,QEEYHZA,DCVNURE,EEAAIIIIOOOONRTTTLLSSUDGBMPFWKJX,10,3,True
32A,33R,43E,53N,QEEYHZA,DCVNURE,EEAAIIIIOOOONRTTTLLSSUDGBMPFWKJX,10,3,True
31C,32A,33R,43E,53N,QEEYHZA,DVNUREE,EAAIIIIOOOONRTTTLLSSUDGBMPFWKJX,10,15,True
31C,32A,33R,43E,53N,QEEYHZA,DVNUREE,EAAIIIIOOOONRTTTLLSSUDGBMPFWKJX,10,15,True
31V,32A,33R,43E,53N,QEEYHZA,DCNURDW,EEEAAIIIIOOOONRTTTLLSSUGBMPFKJX,10,19,True
31V,32A,33R,43E,53N,QEEYHZA,DCNURDW,EEEAAIIIIOOOONRTTTLLSSUGBMPFKJX,10,19,True
33R,43A,53C,63K,IUTGJIO,TIFISAD,EEEEEEAAOOONNNRRTLLSUDBMPHVWYXQZ,32,0,False
23T,33R,43A,53C,63K,IUTGJIO,IFISADB,EEEEEEAAOOONNNRRTLLSUDMPHVWYXQZ,32,12,True
23T,33R,43A,53C,63K,IUTGJIO,IFISADB,EEEEEEAAOOONNNRRTLLSUDMPHVWYXQZ,32,12,True
23F,33R,43A,53C,63K,IUTGJIO,TIISADN,EEEEEEAAOOONNRRTLLSUDBMPHVWYXQZ,32,18,True
23F,33R,43A,53C,63K,IUTGJIO,TIISADN,EEEEEEAAOOONNRRTLLSUDBMPHVWYXQZ,32,18,True
32A,33R,43A,53C,63K,IUTGJIO,TIFISDO,EEEEEEAAOONNNRRTLLSUDBMPHVWYXQZ,32,3,True
32A,33R,43A,53C,63K,IUTGJIO,TIFISDO,EEEEEEAAOONNNRRTLLSUDBMPHVWYXQZ,32,3,True
31T,32A,33R,43A,53C,63K,IUTGJIO,IFISDRX,EEEEEEAAOOONNNRTLLSUDBMPHVWYQZ,32,7,True
31T,32A,33R,43A,53C,63K,IUTGJIO,IFISDRX,EEEEEEAAOOONNNRTLLSUDBMPHVWYQZ,32,7,True
31F,32I,33R,43A,53C,63K,IUTGJIO,TISADYX,EEEEEEAAOOONNNRRTLLSUDBMPHVWQZ,32,19,True
31F,32I,33R,43A,53C,63K,IUTGJIO,TISADYX,EEEEEEAAOOONNNRRTLLSUDBMPHVWQZ,32,19,True
23T,33R,43A,53C,63K,IUTGJIO,IFISADE,EEEEEAAOOONNNRRTLLSUDBMPHVWYXQZ,32,12,True
23T,33R,43A,53C,63K,IUTGJIO,IFISADE,EEEEEAAOOONNNRRTLLSUDBMPHVWYXQZ,32,12,True
23F,33R,43A,53C,63K,IUTGJIO,TIISADO,EEEEEEAAOONNNRRTLLSUDBMPHVWYXQZ,32,18,True
23F,33R,43A,53C,63K,IUTGJIO,TIISADO,EEEEEEAAOONNNRRTLLSUDBMPHVWYXQZ,32,18,True
42T,33R,43A,53C,63K,IUTGJIO,IFISADU,EEEEEEAAOOONNNRRTLLSDBMPHVWYXQZ,32,4,True
42T,33R,43A,53C,63K,IUTGJIO,IFISADU,EEEEEEAAOOONNNRRTLLSDBMPHVWYXQZ,32,4,True
42F,33R,43A,53C,63K,IUTGJIO,TIISADN,EEEEEEAAOOONNRRTLLSUDBMPHVWYXQZ,32,13,True
42F,33R,43A,53C,63K,IUTGJIO,TIISADN,EEEEEEAAOOONNRRTLLSUDBMPHVWYXQZ,32,13,True
40S,41I,42D,33R,43A,53C,63K,IUTGJIO,TFIATEE,EEEEAAOOONNNRRLLSUDBMPHVWYXQZ,32,15,True
40S,41I,42D,33R,43A,53C,63K,IUTGJIO,TFIATEE,EEEEAAOOONNNRRLLSUDBMPHVWYXQZ,32,15,True
40D,41I,42T,33R,43A,53C,63K,IUTGJIO,FISAESN,EEEEEAAOOONNRRTLLUDBMPHVWYXQZ,32,17,True
40D,41I,42T,33R,43A,53C,63K,IUTGJIO,FISAESN,EEEEEAAOOONNRRTLLUDBMPHVWYXQZ,32,17,True
42D,33R,43A,53C,63K,44T,45A,IUTGJIO,IFISNOE,EEEEEAAOONNRRTLLSUDBMPHVWYXQZ,32,21,True
42D,33R,43A,53C,63K,44T,45A,IUTGJIO,IFISNOE,EEEEEAAOONNRRTLLSUDBMPHVWYXQZ,32,21,True
42S,33R,43A,53C,63K,44T,45A,46I,IUTGJIO,FIDPEAR,EEEEEAOOONNNRTLLSUDBMHVWYXQZ,32,25,True
42S,33R,43A,53C,63K,44T,45A,46I,IUTGJIO,FIDPEAR,EEEEEAOOONNNRTLLSUDBMHVWYXQZ,32,25,True
33B,43E,53D,SEDCYAT,KEUAXIO,EEEAAIIIOOONNNRRRTTLLSUGMPFHVWJQZ,20,0,False
23A,33B,43E,53D,SEDCYAT,KEUXIOU,EEEAAIIIOOONNNRRRTTLLSGMPFHVWJQZ,20,8,True
23A,33B,43E,53D,SEDCYAT,KEUXIOU,EEEAAIIIOOONNNRRRTTLLSGMPFHVWJQZ,20,8,True
32A,33B,43E,53D,SEDCYAT,KEUXION,EEEAAIIIOOONNRRRTTLLSUGMPFHVWJQZ,20,5,True
32A,33B,43E,53D,SEDCYAT,KEUXION,EEEAAIIIOOONNRRRTTLLSUGMPFHVWJQZ,20,5,True
31K,32E,33B,43E,53D,SEDCYAT,UAXIOLN,EEEAAIIIOOONNRRRTTLSUGMPFHVWJQZ,20,25,True
31K,32E,33B,43E,53D,SEDCYAT,UAXIOLN,EEEAAIIIOOONNRRRTTLSUGMPFHVWJQZ,20,25,True
23A,33B,43E,53D,SEDCYAT,KEUXIOE,EEAAIIIOOONNNRRRTTLLSUGMPFHVWJQZ,20,8,True
23A,33B,43E,53D,SEDCYAT,KEUXIOE,EEAAIIIOOONNNRRRTTLLSUGMPFHVWJQZ,20,8,True
33B,43E,53D,44E,SEDCYAT,KUAXIOL,EEEAAIIIOOONNNRRRTTLSUGMPFHVWJQZ,20,4,True
33B,43E,53D,44E,SEDCYAT,KUAXIOL,EEEAAIIIOOONNNRRRTTLSUGMPFHVWJQZ,20,4,True
41K,42U,33B,43E,53D,SEDCYAT,EAXIOIJ,EEEAAIIOOONNNRRRTTLLSUGMPFHVWQZ,20,19,True
41K,42U,33B,43E,53D,SEDCYAT,EAXIOIJ,EEEAAIIOOONNNRRRTTLLSUGMPFHVWQZ,20,19,True
41A,42X,33B,43E,53D,SEDCYAT,KEUIOUR,EEEAAIIIOOONNNRRTTLLSGMPFHVWJQZ,20,28,True
41A,42X,33B,43E,53D,SEDCYAT,KEUIOUR,EEEAAIIIOOONNNRRTTLLSGMPFHVWJQZ,20,28,True
40K,41A,42I,33B,43E,53D,SEDCYAT,EUXOQIG,EEEAAIIOOONNNRRRTTLLSUMPFHVWJZ,20,32,True
40K,41A,42I,33B,43E,53D,SEDCYAT,EUXOQIG,EEEAAIIOOONNNRRRTTLLSUMPFHVWJZ,20,32,True
23A,33B,43E,53D,SEDCYAT,KEUXIOP,EEEAAIIIOOONNNRRRTTLLSUGMFHVWJQZ,20,8,True
23A,33B,43E,53D,SEDCYAT,KEUXIOP,EEEAAIIIOOONNNRRRTTLLSUGMFHVWJQZ,20,8,True
52E,33B,43E,53D,SEDCYAT,KUAXIOG,EEEAAIIIOOONNNRRRTTLLSUMPFHVWJQZ,20,4,True
52E,33B,43E,53D,SEDCYAT,KUAXIOG,EEEAAIIIOOONNNRRRTTLLSUMPFHVWJQZ,20,4,True
51K,52I,33B,43E,53D,SEDCYAT,EUAXOTR,EEEAAIIIOOONNNRRTLLSUGMPFHVWJQZ,20,14,True
51K,52I,33B,43E,53D,SEDCYAT,EUAXOTR,EEEAAIIIOOONNNRRTLLSUGMPFHVWJQZ,20,14,True
50K,51A,52I,33B,43E,53D,SEDCYAT,EUXOJNU,EEEAAIIIOOONNRRRTTLLSGMPFHVWQZ,20,16,True
50K,51A,52I,33B,43E,53D,SEDCYAT,EUXOJNU,EEEAAIIIOOONNRRRTTLLSGMPFHVWQZ,20,16,True
50O,51X,52I,33B,43E,53D,SEDCYAT,KEUAFRR,EEEAAIIIOOONNNRTTLLSUGMPHVWJQZ,20,22,True
50O,51X,52I,33B,43E,53D,SEDCYAT,KEUAFRR,EEEAAIIIOOONNNRTTLLSUGMPHVWJQZ,20,22,True
33B,43O,53T,LYNMAER,ENDISOA,EEEEAAIIIOONRRTTLSUUDGCPFHVWKJXQZ,14,0,False
13S,23A,33B,43O,53T,LYNMAER,ENDIOEG,EEEAAIIIOONRRTTLSUUDCPFHVWKJXQZ,14,11,True
13S,23A,33B,43O,53T,LYNMAER,ENDIOEG,EEEAAIIIOONRRTTLSUUDCPFHVWKJXQZ,14,11,True
13A,23D,33B,43O,53T,LYNMAER,ENISOIN,EEEEAAIIOORRTTLSUUDGCPFHVWKJXQZ,14,13,True
13A,23D,33B,43O,53T,LYNMAER,ENISOIN,EEEEAAIIOORRTTLSUUDGCPFHVWKJXQZ,14,13,True
32O,33B,43O,53T,LYNMAER,ENDISAT,EEEEAAIIIOONRRTLSUUDGCPFHVWKJXQZ,14,5,True
32O,33B,43O,53T,LYNMAER,ENDISAT,EEEEAAIIIOONRRTLSUUDGCPFHVWKJXQZ,14,5,True
31N,32E,33B,43O,53T,LYNMAER,DISOAVA,EEEEAIIIOONRRTTLSUUDGCPFHWKJXQZ,14,9,True
31N,32E,33B,43O,53T,LYNMAER,DISOAVA,EEEEAIIIOONRRTTLSUUDGCPFHWKJXQZ,14,9,True
31D,32E,33B,43O,53T,LYNMAER,NISOAPK,EEEEAAIIIOONRRTTLSUUDGCFHVWJXQZ,14,13,True
31D,32E,33B,43O,53T,LYNMAER,NISOAPK,EEEEAAIIIOONRRTTLSUUDGCFHVWJXQZ,14,13,True
30D,31I,32E,33B,43O,53T,34S,LYNMAER,NOAHDEC,EEEAAIIIOONRRTTLSUUGPFVWKJXQZ,14,15,True
30D,31I,32E,33B,43O,53T,34S,LYNMAER,NOAHDEC,EEEAAIIIOONRRTTLSUUGPFVWKJXQZ,14,15,True
30A,31D,32O,33B,43O,53T,34E,LYNMAER,NISEFEJ,EEAAIIIOONRRTTLSUUDGCPHVWKXQZ,14,17,True
30A,31D,32O,33B,43O,53T,34E,LYNMAER,NISEFEJ,EEAAIIIOONRRTTLSUUDGCPHVWKXQZ,14,17,True
30A,31D,32O,33B,43O,53T,34E,35S,LYNMAER,NIDNSVF,EEEEAAIIIOORRTTLUUGCPHWKJXQZ,14,21,True
30A,31D,32O,33B,43O,53T,34E,35S,LYNMAER,NIDNSVF,EEEEAAIIIOORRTTLUUGCPHWKJXQZ,14,21,True
13S,23A,33B,43O,53T,LYNMAER,ENDIOED,EEEAAIIIOONRRTTLSUUGCPFHVWKJXQZ,14,11,True
13S,23A,33B,43O,53T,LYNMAER,ENDIOED,EEEAAIIIOONRRTTLSUUGCPFHVWKJXQZ,14,11,True
13A,23D,33B,43O,53T,LYNMAER,ENISOQO,EEEEAAIIIONRRTTLSUUDGCPFHVWKJXZ,14,13,True
13A,23D,33B,43O,53T,LYNMAER,ENISOQO,EEEEAAIIIONRRTTLSUUDGCPFHVWKJXZ,14,13,True
42N,33B,43O,53T,LYNMAER,EDISOAA,EEEEAIIIOONRRTTLSUUDGCPFHVWKJXQZ,14,4,True
42N,33B,43O,53T,LYNMAER,EDISOAA,EEEEAIIIOONRRTTLSUUDGCPFHVWKJXQZ,14,4,True
42D,33B,43O,53T,LYNMAER,ENISOAE,EEEAAIIIOONRRTTLSUUDGCPFHVWKJXQZ,14,7,True
42D,33B,43O,53T,LYNMAER,ENISOAE,EEEAAIIIOONRRTTLSUUDGCPFHVWKJXQZ,14,7,True
41D,42S,33B,43O,53T,LYNMAER,ENIOAZO,EEEEAAIIIONRRTTLSUUDGCPFHVWKJXQ,14,10,True
41D,42S,33B,43O,53T,LYNMAER,ENIOAZO,EEEEAAIIIONRRTTLSUUDGCPFHVWKJXQ,14,10,True
40D,41I,42N,33B,43O,53T,LYNMAER,ESOAANE,EEEAIIIOORRTTLSUUDGCPFHVWKJXQZ,14,17,True
40D,41I,42N,33B,43O,53T,LYNMAER,ESOAANE,EEEAIIIOORRTTLSUUDGCPFHVWKJXQZ,14,17,True
40E,41I,42D,33B,43O,53T,44S,LYNMAER,NOADNKQ,EEEEAAIIIOORRTTLSUUGCPFHVWJXZ,14,30,True
40E,41I,42D,33B,43O,53T,44S,LYNMAER,NOADNKQ,EEEEAAIIIOORRTTLSUUGCPFHVWJXZ,14,30,True
40D,41I,42N,33B,43O,53T,44S,LYNMAER,EOATAQR,EEEEAIIIOONRTLSUUDGCPFHVWKJXZ,14,34,True
40D,41I,42N,33B,43O,53T,44S,LYNMAER,EOATAQR,EEEEAIIIOONRTLSUUDGCPFHVWKJXZ,14,34,True
33N,43O,53M,UUEOPOR,FKBCJAT,EEEEEAAAIIIIONNRRTTLLSSDDGHVWYXQZ,22,0,False
32A,33N,43O,53M,UUEOPOR,FKBCJTE,EEEEAAAIIIIONNRRTTLLSSDDGHVWYXQZ,22,3,True
32A,33N,43O,53M,UUEOPOR,FKBCJTE,EEEEAAAIIIIONNRRTTLLSSDDGHVWYXQZ,22,3,True
31F,32A,33N,43O,53M,UUEOPOR,KBCJTIT,EEEEEAAAIIIONNRRTLLSSDDGHVWYXQZ,22,19,True
31F,32A,33N,43O,53M,UUEOPOR,KBCJTIT,EEEEEAAAIIIONNRRTLLSSDDGHVWYXQZ,22,19,True
42K,33N,43O,53M,UUEOPOR,FBCJATH,EEEEEAAAIIIIONNRRTTLLSSDDGVWYXQZ,22,16,True
42K,33N,43O,53M,UUEOPOR,FBCJATH,EEEEEAAAIIIIONNRRTTLLSSDDGVWYXQZ,22,16,True
42J,33N,43O,53M,UUEOPOR,FKBCATD,EEEEEAAAIIIIONNRRTTLLSSDGHVWYXQZ,22,25,True
42J,33N,43O,53M,UUEOPOR,FKBCATD,EEEEEAAAIIIIONNRRTTLLSSDGHVWYXQZ,22,25,True
40J,41A,42T,33N,43O,53M,UUEOPOR,FKBCIAL,EEEEEAAIIIONNRRTTLSSDDGHVWYXQZ,22,47,True
40J,41A,42T,33N,43O,53M,UUEOPOR,FKBCIAL,EEEEEAAIIIONNRRTTLSSDDGHVWYXQZ,22,47,True
40J,41A,42B,33N,43O,53M,44T,UUEOPOR,FKCRLTX,EEEEEAAAIIIIONNRTLSSDDGHVWYQZ,22,98,True
40J,41A,42B,33N,43O,53M,44T,UUEOPOR,FKCRLTX,EEEEEAAAIIIIONNRTLSSDDGHVWYQZ,22,98,True
52A,33N,43O,53M,UUEOPOR,FKBCJTG,EEEEEAAAIIIIONNRRTTLLSSDDHVWYXQZ,22,5,True
52A,33N,43O,53M,UUEOPOR,FKBCJTG,EEEEEAAAIIIIONNRRTTLLSSDDHVWYXQZ,22,5,True
51K,52A,33N,43O,53M,UUEOPOR,FBCJTDR,EEEEEAAAIIIIONNRTTLLSSDGHVWYXQZ,22,15,True
51K,52A,33N,43O,53M,UUEOPOR,FBCJTDR,EEEEEAAAIIIIONNRTTLLSSDGHVWYXQZ,22,15,True
51J,52A,33N,43O,53M,UUEOPOR,FKBCTSG,EEEEEAAAIIIIONNRRTTLLSDDHVWYXQZ,22,21,True
51J,52A,33N,43O,53M,UUEOPOR,FKBCTSG,EEEEEAAAIIIIONNRRTTLLSDDHVWYXQZ,22,21,True
22J,32E,42T,RNLSRIV,WAPTTKQ,EEEEEAAAIIIOOOONNRLSUUDDGBCMFHYXZ,40,0,False
20T,21A,22J,32E,42T,RNLSRIV,WPTKQYE,EEEEAAAIIIOOOONNRLSUUDDGBCMFHXZ,40,13,True
20T,21A,22J,32E,42T,RNLSRIV,WPTKQYE,EEEEAAAIIIOOOONNRLSUUDDGBCMFHXZ,40,13,True
31W,22J,32E,42T,RNLSRIV,APTTKQE,EEEEAAAIIIOOOONNRLSUUDDGBCMFHYXZ,40,17,True
31W,22J,32E,42T,RNLSRIV,APTTKQE,EEEEAAAIIIOOOONNRLSUUDDGBCMFHYXZ,40,17,True
30A,31W,22J,32E,42T,RNLSRIV,PTTKQOM,EEEEEAAAIIIOOONNRLSUUDDGBCFHYXZ,40,19,True
30A,31W,22J,32E,42T,RNLSRIV,PTTKQOM,EEEEEAAAIIIOOONNRLSUUDDGBCFHYXZ,40,19,True
30A,31K,22J,32E,42T,RNLSRIV,WPTTQDE,EEEEAAAIIIOOOONNRLSUUDGBCMFHYXZ,40,23,True
30A,31K,22J,32E,42T,RNLSRIV,WPTTQDE,EEEEAAAIIIOOOONNRLSUUDGBCMFHYXZ,40,23,True
30T,31W,22J,32E,42T,33A,34K,RNLSRIV,PTQMCNX,EEEEEAAAIIIOOOONRLSUUDDGBFHYZ,40,50,True
30T,31W,22J,32E,42T,33A,34K,RNLSRIV,PTQMCNX,EEEEEAAAIIIOOOONRLSUUDDGBFHYZ,40,50,True
41A,22J,32E,42T,RNLSRIV,WPTTKQL,EEEEEAAAIIIOOOONNRSUUDDGBCMFHYXZ,40,3,True
41A,22J,32E,42T,RNLSRIV,WPTTKQL,EEEEEAAAIIIOOOONNRSUUDDGBCMFHYXZ,40,3,True
40W,41A,22J,32E,42T,RNLSRIV,PTTKQIN,EEEEEAAAIIOOOONRLSUUDDGBCMFHYXZ,40,15,True
40W,41A,22J,32E,42T,RNLSRIV,PTTKQIN,EEEEEAAAIIOOOONRLSUUDDGBCMFHYXZ,40,15,True
40K,41A,22J,32E,42T,RNLSRIV,WPTTQNH,EEEEEAAAIIIOOOONRLSUUDDGBCMFYXZ,40,18,True
40K,41A,22J,32E,42T,RNLSRIV,WPTTQNH,EEEEEAAAIIIOOOONRLSUUDDGBCMFYXZ,40,18,True
40Q,41A,22J,32E,42T,RNLSRIV,WPTTKDS,EEEEEAAAIIIOOOONNRLUUDGBCMFHYXZ,40,33,True
40Q,41A,22J,32E,42T,RNLSRIV,WPTTKDS,EEEEEAAAIIIOOOONNRLUUDGBCMFHYXZ,40,33,True
40Q,41A,22J,32E,42T,33R,NLSRIVN,WPTTKDS,EEEEEAAAIIIOOOONRLUUDGBCMFHYXZ,42,33,False
40Q,31P,41A,22J,32E,42T,33R,NLSRIVN,WTTKDSO,EEEEEAAAIIIOOONRLUUDGBCMFHYXZ,42,51,True
40Q,31P,41A,22J,32E,42T,33R,NLSRIVN,WTTKDSO,EEEEEAAAIIIOOONRLUUDGBCMFHYXZ,42,51,True
40Q,31P,41A,22J,32E,42T,33R,NLSRIVN,WTTKDSZ,EEEEEAAAIIIOOOONRLUUDGBCMFHYX,42,51,True
40Q,31P,41A,22J,32E,42T,33R,NLSRIVN,WTTKDSZ,EEEEEAAAIIIOOOONRLUUDGBCMFHYX,42,51,True
40Q,31P,41A,22J,32E,42T,33R,NLSRIVN,WTTKDSE,EEEEAAAIIIOOOONRLUUDGBCMFHYXZ,42,51,True
40Q,31P,41A,22J,32E,42T,33R,NLSRIVN,WTTKDSE,EEEEAAAIIIOOOONRLUUDGBCMFHYXZ,42,51,True
40Q,31P,41A,51R,22J,32E,42T,33R,NLSIVNA,WTTKDSE,EEEEAAIIIOOOONRLUUDGBCMFHYXZ,43,51,False
33B,43A,53D,TIXAEPA,ODFEKRI,EEEEAIIOOONNNRRTTLLSSUUGCMHVWYJQZ,20,0,False
03F,13O,23R,33B,43A,53D,TIXAEPA,DEKIIRS,EEEEAIOOONNNRTTLLSUUGCMHVWYJQZ,20,20,True
03F,13O,23R,33B,43A,53D,TIXAEPA,DEKIIRS,EEEEAIOOONNNRTTLLSUUGCMHVWYJQZ,20,20,True
32O,33B,43A,53D,TIXAEPA,DFEKRIN,EEEEAIIOOONNRRTTLLSSUUGCMHVWYJQZ,20,5,True
32O,33B,43A,53D,TIXAEPA,DFEKRIN,EEEEAIIOOONNRRTTLLSSUUGCMHVWYJQZ,20,5,True
31O,32R,33B,43A,53D,TIXAEPA,DFEKIQS,EEEEAIIOOONNNRRTTLLSUUGCMHVWYJZ,20,9,True
31O,32R,33B,43A,53D,TIXAEPA,DFEKIQS,EEEEAIIOOONNNRRTTLLSUUGCMHVWYJZ,20,9,True
31D,32O,33B,43A,53D,TIXAEPA,FEKRIRN,EEEEAIIOOONNRTTLLSSUUGCMHVWYJQZ,20,13,True
31D,32O,33B,43A,53D,TIXAEPA,FEKRIRN,EEEEAIIOOONNRTTLLSSUUGCMHVWYJQZ,20,13,True
31F,32O,33B,43A,53D,TIXAEPA,DEKRIRH,EEEEAIIOOONNNRTTLLSSUUGCMVWYJQZ,20,21,True
31F,32O,33B,43A,53D,TIXAEPA,DEKRIRH,EEEEAIIOOONNNRTTLLSSUUGCMVWYJQZ,20,21,True
31K,32O,33B,43A,53D,TIXAEPA,DFERISN,EEEEAIIOOONNRRTTLLSUUGCMHVWYJQZ,20,25,True
31K,32O,33B,43A,53D,TIXAEPA,DFERISN,EEEEAIIOOONNRRTTLLSUUGCMHVWYJQZ,20,25,True
30F,31O,32R,33B,43A,53D,34I,35D,TIXAEPA,EKQLEJT,EEEAIIOOONNNRRTLSSUUGCMHVWYZ,20,27,True
30F,31O,32R,33B,43A,53D,34I,35D,TIXAEPA,EKQLEJT,EEEAIIOOONNNRRTLSSUUGCMHVWYZ,20,27,True
03F,13O,23R,33B,43A,53D,TIXAEPA,DEKIRZE,EEEAIIOOONNNRTTLLSSUUGCMHVWYJQ,20,20,True
03F,13O,23R,33B,43A,53D,TIXAEPA,DEKIRZE,EEEAIIOOONNNRTTLLSSUUGCMHVWYJQ,20,20,True
42D,33B,43A,53D,TIXAEPA,OFEKRIO,EEEEAIIOONNNRRTTLLSSUUGCMHVWYJQZ,20,7,True
42D,33B,43A,53D,TIXAEPA,OFEKRIO,EEEEAIIOONNNRRTTLLSSUUGCMHVWYJQZ,20,7,True
42F,33B,43A,53D,TIXAEPA,ODEKRIE,EEEAIIOOONNNRRTTLLSSUUGCMHVWYJQZ,20,13,True
42F,33B,43A,53D,TIXAEPA,ODEKRIE,EEEAIIOOONNNRRTTLLSSUUGCMHVWYJQZ,20,13,True
42K,33B,43A,53D,TIXAEPA,ODFERIQ,EEEEAIIOOONNNRRTTLLSSUUGCMHVWYJZ,20,16,True
42K,33B,43A,53D,TIXAEPA,ODFERIQ,EEEEAIIOOONNNRRTTLLSSUUGCMHVWYJZ,20,16,True
41O,42K,33B,43A,53D,TIXAEPA,DFERICU,EEEEAIIOOONNNRRTTLLSSUGMHVWYJQZ,20,19,True
41O,42K,33B,43A,53D,TIXAEPA,DFERICU,EEEEAIIOOONNNRRTTLLSSUGMHVWYJQZ,20,19,True
40O,41K,42R,33B,43A,53D,TIXAEPA,DFEIVGR,EEEEAIIOOONNNRTTLLSSUUCMHWYJQZ,20,24,True
40O,41K,42R,33B,43A,53D,TIXAEPA,DFEIVGR,EEEEAIIOOONNNRTTLLSSUUCMHWYJQZ,20,24,True
40D,41I,42K,33B,43A,53D,TIXAEPA,OFERAQO,EEEEIIOONNNRRTTLLSSUUGCMHVWYJZ,20,29,True
40D,41I,42K,33B,43A,53D,TIXAEPA,OFERAQO,EEEEIIOONNNRRTTLLSSUUGCMHVWYJZ,20,29,True
40K,41O,42R,33B,43A,53D,TIXAEPA,DFEINOC,EEEEAIIOONNRRTTLLSSUUGMHVWYJQZ,20,32,True
40K,41O,42R,33B,43A,53D,TIXAEPA,DFEINOC,EEEEAIIOONNRRTTLLSSUUGMHVWYJQZ,20,32,True
40F,41R,42E,33B,43A,53D,44K,TIXAEPA,ODILEEI,EEAIOOONNNRRTTLSSUUGCMHVWYJQZ,20,72,True
40F,41R,42E,33B,43A,53D,44K,TIXAEPA,ODILEEI,EEAIOOONNNRRTTLSSUUGCMHVWYJQZ,20,72,True
03F,13O,23R,33B,43A,53D,TIXAEPA,DEKIHGO,EEEEAIIOONNNRRTTLLSSUUCMVWYJQZ,20,20,True
03F,13O,23R,33B,43A,53D,TIXAEPA,DEKIHGO,EEEEAIIOONNNRRTTLLSSUUCMVWYJQZ,20,20,True
52O,33B,43A,53D,TIXAEPA,DFEKRIE,EEEAIIOOONNNRRTTLLSSUUGCMHVWYJQZ,20,4,True
52O,33B,43A,53D,TIXAEPA,DFEKRIE,EEEAIIOOONNNRRTTLLSSUUGCMHVWYJQZ,20,4,True
51O,52R,33B,43A,53D,TIXAEPA,DFEKIST,EEEEAIIOOONNNRRTLLSUUGCMHVWYJQZ,20,6,True
51O,52R,33B,43A,53D,TIXAEPA,DFEKIST,EEEEAIIOOONNNRRTLLSUUGCMHVWYJQZ,20,6,True
33B,43A,53D,54O,55D,TIXAEPA,FEKRIUE,EEEAIIOOONNNRRTTLLSSUGCMHVWYJQZ,20,8,True
33B,43A,53D,54O,55D,TIXAEPA,FEKRIUE,EEEAIIOOONNNRRTTLLSSUGCMHVWYJQZ,20,8,True
51F,52E,33B,43A,53D,TIXAEPA,ODKRIII,EEEEAOOONNNRRTTLLSSUUGCMHVWYJQZ,20,12,True
51F,52E,33B,43A,53D,TIXAEPA,ODKRIII,EEEEAOOONNNRRTTLLSSUUGCMHVWYJQZ,20,12,True
51K,52E,33B,43A,53D,TIXAEPA,ODFRIER,EEEAIIOOONNNRTTLLSSUUGCMHVWYJQZ,20,14,True
51K,52E,33B,43A,53D,TIXAEPA,ODFRIER,EEEAIIOOONNNRTTLLSSUUGCMHVWYJQZ,20,14,True
33F,43E,53D,RQSODSP,VENNAEI,EEEAAAIIIOOONRRTTTLLUUGBCMHWYKJXZ,22,0,False
32E,33F,43E,53D,RQSODSP,VNNAEII,EEEAAAIIOOONRRTTTLLUUGBCMHWYKJXZ,22,6,True
32E,33F,43E,53D,RQSODSP,VNNAEII,EEEAAAIIOOONRRTTTLLUUGBCMHWYKJXZ,22,6,True
31N,32E,33F,43E,53D,RQSODSP,VNAEIAW,EEEAAIIIOOONRRTTTLLUUGBCMHYKJXZ,22,10,True
31N,32E,33F,43E,53D,RQSODSP,VNAEIAW,EEEAAIIIOOONRRTTTLLUUGBCMHYKJXZ,22,10,True
30N,31E,32I,33F,43E,53D,RQSODSP,VNAEIOE,EEAAAIIOONRRTTTLLUUGBCMHWYKJXZ,22,12,True
30N,31E,32I,33F,43E,53D,RQSODSP,VNAEIOE,EEAAAIIOONRRTTTLLUUGBCMHWYKJXZ,22,12,True
30N,31E,32A,33F,43E,53D,34E,RQSODSP,VNICOAL,EEEAAIIIOONRRTTTLUUGBMHWYKJXZ,22,14,True
30N,31E,32A,33F,43E,53D,34E,RQSODSP,VNICOAL,EEEAAIIIOONRRTTTLUUGBMHWYKJXZ,22,14,True
33F,43E,53D,44E,RQSODSP,VNNAEII,EEEAAAIIOOONRRTTTLLUUGBCMHWYKJXZ,22,4,True
33F,43E,53D,44E,RQSODSP,VNNAEII,EEEAAAIIOOONRRTTTLLUUGBCMHWYKJXZ,22,4,True
41V,42A,33F,43E,53D,RQSODSP,ENNEIUR,EEEAAAIIIOOONRTTTLLUGBCMHWYKJXZ,22,16,True
41V,42A,33F,43E,53D,RQSODSP,ENNEIUR,EEEAAAIIIOOONRTTTLLUGBCMHWYKJXZ,22,16,True
40V,41A,42N,33F,43E,53D,RQSODSP,ENEITKA,EEEAAIIIOOONRRTTLLUUGBCMHWYJXZ,22,27,True
40V,41A,42N,33F,43E,53D,RQSODSP,ENEITKA,EEEAAIIIOOONRRTTLLUUGBCMHWYJXZ,22,27,True
42N,33F,43E,53D,44V,45E,RQSODSP,NAEIIJH,EEEAAAIIOOONRRTTTLLUUGBCMWYKXZ,22,31,True
42N,33F,43E,53D,44V,45E,RQSODSP,NAEIIJH,EEEAAAIIOOONRRTTTLLUUGBCMWYKXZ,22,31,True
33T,43E,53A,QIZLYFN,WRIIPVB,EEEEEAAAIOOOONNRRTTLSSUUDDGCMHKJX,10,0,False
32I,33T,43E,53A,QIZLYFN,WRIPVBL,EEEEEAAAIOOOONNRRTTSSUUDDGCMHKJX,10,3,True
32I,33T,43E,53A,QIZLYFN,WRIPVBL,EEEEEAAAIOOOONNRRTTSSUUDDGCMHKJX,10,3,True
31W,32I,33T,43E,53A,QIZLYFN,RIPVBME,EEEEAAAIOOOONNRRTTLSSUUDDGCHKJX,10,19,True
31W,32I,33T,43E,53A,QIZLYFN,RIPVBME,EEEEAAAIOOOONNRRTTLSSUUDDGCHKJX,10,19,True
42W,33T,43E,53A,QIZLYFN,RIIPVBN,EEEEEAAAIOOOONRRTTLSSUUDDGCMHKJX,10,13,True
42W,33T,43E,53A,QIZLYFN,RIIPVBN,EEEEEAAAIOOOONRRTTLSSUUDDGCMHKJX,10,13,True
41V,42I,33T,43E,53A,QIZLYFN,WRIPBGO,EEEEEAAAIOOONNRRTTLSSUUDDCMHKJX,10,16,True
41V,42I,33T,43E,53A,QIZLYFN,WRIPBGO,EEEEEAAAIOOONNRRTTLSSUUDDCMHKJX,10,16,True
40W,41I,42R,33T,43E,53A,QIZLYFN,IPVBSEA,EEEEAAIOOOONNRRTTLSUUDDGCMHKJX,10,27,True
40W,41I,42R,33T,43E,53A,QIZLYFN,IPVBSEA,EEEEAAIOOOONNRRTTLSUUDDGCMHKJX,10,27,True
40W,41I,42P,33T,43E,53A,QIZLYFN,RIVBKDE,EEEEAAAIOOOONNRRTTLSSUUDGCMHJX,10,33,True
40W,41I,42P,33T,43E,53A,QIZLYFN,RIVBKDE,EEEEAAAIOOOONNRRTTLSSUUDGCMHJX,10,33,True
40W,41I,42V,33T,43E,53A,QIZLYFN,RIPBAIE,EEEEAAOOOONNRRTTLSSUUDDGCMHKJX,10,36,True
40W,41I,42V,33T,43E,53A,QIZLYFN,RIPBAIE,EEEEAAOOOONNRRTTLSSUUDDGCMHKJX,10,36,True
40W,41I,42P,33T,43E,53A,44R,QIZLYFN,IVBOSDE,EEEEAAAIOOONNRRTTLSUUDGCMHKJX,10,62,True
40W,41I,42P,33T,43E,53A,44R,QIZLYFN,IVBOSDE,EEEEAAAIOOONNRRTTLSUUDGCMHKJX,10,62,True
40W,41I,42V,33T,43E,53A,44R,QIZLYFN,IPBNADT,EEEEEAAIOOOONRRTLSSUUDGCMHKJX,10,67,True
40W,41I,42V,33T,43E,53A,44R,QIZLYFN,IPBNADT,EEEEEAAIOOOONRRTLSSUUDGCMHKJX,10,67,True
52P,33T,43E,53A,QIZLYFN,WRIIVBG,EEEEEAAAIOOOONNRRTTLSSUUDDCMHKJX,10,7,True
52P,33T,43E,53A,QIZLYFN,WRIIVBG,EEEEEAAAIOOOONNRRTTLSSUUDDCMHKJX,10,7,True
51P,52I,33T,43E,53A,QIZLYFN,WRIVBDA,EEEEEAAIOOOONNRRTTLSSUUDGCMHKJX,10,9,True
51P,52I,33T,43E,53A,QIZLYFN,WRIVBDA,EEEEEAAIOOOONNRRTTLSSUUDGCMHKJX,10,9,True
51V,52I,33T,43E,53A,QIZLYFN,WRIPBLE,EEEEAAAIOOOONNRRTTSSUUDDGCMHKJX,10,11,True
51V,52I,33T,43E,53A,QIZLYFN,WRIPBLE,EEEEAAAIOOOONNRRTTSSUUDDGCMHKJX,10,11,True
50R,51I,52V,33T,43E,53A,QIZLYFN,WIPBNEO,EEEEAAAIOOONRRTTLSSUUDDGCMHKJX,10,13,True
50R,51I,52V,33T,43E,53A,QIZLYFN,WIPBNEO,EEEEAAAIOOONRRTTLSSUUDDGCMHKJX,10,13,True
33V,43A,53N,ERAXZTW,IAOJUAD,EEEEEIIIOOONNRRTTLLSSUDGBCMPFHYKQ,16,0,False
13D,23I,33V,43A,53N,ERAXZTW,AOJUANT,EEEEEIIIOOONRRTLLSSUDGBCMPFHYKQ,16,16,True
13D,23I,33V,43A,53N,ERAXZTW,AOJUANT,EEEEEIIIOOONRRTLLSSUDGBCMPFHYKQ,16,16,True
31D,32I,33V,43A,53N,ERAXZTW,AOJUAEK,EEEEIIIOOONNRRTTLLSSUDGBCMPFHYQ,16,14,True
31D,32I,33V,43A,53N,ERAXZTW,AOJUAEK,EEEEIIIOOONNRRTTLLSSUDGBCMPFHYQ,16,14,True
30A,31J,32I,33V,43A,53N,34A,ERAXZTW,OUDETDE,EEEIIIOOONNRRTLLSSUGBCMPFHYKQ,16,42,True
30A,31J,32I,33V,43A,53N,34A,ERAXZTW,OUDETDE,EEEIIIOOONNRRTLLSSUGBCMPFHYKQ,16,42,True
13D,23I,33V,43A,53N,ERAXZTW,AOJUAEC,EEEEIIIOOONNRRTTLLSSUDGBMPFHYKQ,16,16,True
13D,23I,33V,43A,53N,ERAXZTW,AOJUAEC,EEEEIIIOOONNRRTTLLSSUDGBMPFHYKQ,16,16,True
33V,43A,53N,44A,ERAXZTW,IOJUADR,EEEEEIIIOOONNRTTLLSSUDGBCMPFHYKQ,16,4,True
33V,43A,53N,44A,ERAXZTW,IOJUADR,EEEEEIIIOOONNRTTLLSSUDGBCMPFHYKQ,16,4,True
42J,33V,43A,53N,ERAXZTW,IAOUADI,EEEEEIIOOONNRRTTLLSSUDGBCMPFHYKQ,16,25,True
42J,33V,43A,53N,ERAXZTW,IAOUADI,EEEEEIIOOONNRRTTLLSSUDGBCMPFHYKQ,16,25,True
13D,23I,33V,43A,53N,ERAXZTW,AOJUASK,EEEEEIIIOOONNRRTTLLSUDGBCMPFHYQ,16,16,True
13D,23I,33V,43A,53N,ERAXZTW,AOJUASK,EEEEEIIIOOONNRRTTLLSUDGBCMPFHYQ,16,16,True
52I,33V,43A,53N,ERAXZTW,AOJUADD,EEEEEIIIOOONNRRTTLLSSUGBCMPFHYKQ,16,3,True
52I,33V,43A,53N,ERAXZTW,AOJUADD,EEEEEIIIOOONNRRTTLLSSUGBCMPFHYKQ,16,3,True
51I,52O,33V,43A,53N,ERAXZTW,AJUADOU,EEEEEIIIOONNRRTTLLSSDGBCMPFHYKQ,16,5,True
51I,52O,33V,43A,53N,ERAXZTW,AJUADOU,EEEEEIIIOONNRRTTLLSSDGBCMPFHYKQ,16,5,True
51J,52I,33V,43A,53N,ERAXZTW,AOUADBS,EEEEEIIIOOONNRRTTLLSUDGCMPFHYKQ,16,19,True
51J,52I,33V,43A,53N,ERAXZTW,AOUADBS,EEEEEIIIOOONNRRTTLLSUDGCMPFHYKQ,16,19,True
50J,51O,52I,33V,43A,53N,ERAXZTW,AUADBIQ,EEEEEIIOOONNRRTTLLSSUDGCMPFHYK,16,21,True
50J,51O,52I,33V,43A,53N,ERAXZTW,AUADBIQ,EEEEEIIOOONNRRTTLLSSUDGCMPFHYK,16,21,True
50D,51J,52I,33V,43A,53N,ERAXZTW,AOUAYTG,EEEEEIIIOOONNRRTLLSSUDBCMPFHKQ,16,23,True
50D,51J,52I,33V,43A,53N,ERAXZTW,AOUAYTG,EEEEEIIIOOONNRRTLLSSUDBCMPFHKQ,16,23,True
33F,43O,53R,63M,YATKEWI,OOALCBS,EEEEEAAIIIONNNRRTTLSUUDDGPHVJXQZ,22,0,False
32O,33F,43O,53R,63M,YATKEWI,OALCBSN,EEEEEAAIIIONNRRTTLSUUDDGPHVJXQZ,22,6,True
32O,33F,43O,53R,63M,YATKEWI,OALCBSN,EEEEEAAIIIONNRRTTLSUUDDGPHVJXQZ,22,6,True
31O,32O,33F,43O,53R,63M,YATKEWI,ALCBSIE,EEEEAAIIONNNRRTTLSUUDDGPHVJXQZ,22,10,True
31O,32O,33F,43O,53R,63M,YATKEWI,ALCBSIE,EEEEAAIIONNNRRTTLSUUDDGPHVJXQZ,22,10,True
31C,32A,33F,43O,53R,63M,YATKEWI,OOLBSQE,EEEEAAIIIONNNRRTTLSUUDDGPHVJXZ,22,18,True
31C,32A,33F,43O,53R,63M,YATKEWI,OOLBSQE,EEEEAAIIIONNNRRTTLSUUDDGPHVJXZ,22,18,True
33F,43O,53R,63M,44O,YATKEWI,OALCBSE,EEEEAAIIIONNNRRTTLSUUDDGPHVJXQZ,22,4,True
33F,43O,53R,63M,44O,YATKEWI,OALCBSE,EEEEAAIIIONNNRRTTLSUUDDGPHVJXQZ,22,4,True
42B,33F,43O,53R,63M,YATKEWI,OOALCSL,EEEEEAAIIIONNNRRTTSUUDDGPHVJXQZ,22,10,True
42B,33F,43O,53R,63M,YATKEWI,OOALCSL,EEEEEAAIIIONNNRRTTSUUDDGPHVJXQZ,22,10,True
33F,43O,53R,63M,44B,45O,YATKEWI,OALCSQA,EEEEEAIIIONNNRRTTLSUUDDGPHVJXZ,22,13,True
33F,43O,53R,63M,44B,45O,YATKEWI,OALCSQA,EEEEEAIIIONNNRRTTLSUUDDGPHVJXZ,22,13,True
40A,41L,42C,33F,43O,53R,63M,YATKEWI,OOBSNPE,EEEEAAIIIONNRRTTLSUUDDGHVJXQZ,22,18,True
40A,41L,42C,33F,43O,53R,63M,YATKEWI,OOBSNPE,EEEEAAIIIONNRRTTLSUUDDGHVJXQZ,22,18,True
42L,33F,43O,53R,63M,44C,45O,YATKEWI,OABSARI,EEEEEAIIONNNRTTLSUUDDGPHVJXQZ,22,26,True
42L,33F,43O,53R,63M,44C,45O,YATKEWI,OABSARI,EEEEEAIIONNNRTTLSUUDDGPHVJXQZ,22,26,True
40A,41L,42C,33F,43O,53R,63M,44S,YATKEWI,OOBTAUV,EEEEEAIIIONNNRRTLSUDDGPHJXQZ,22,35,True
40A,41L,42C,33F,43O,53R,63M,44S,YATKEWI,OOBTAUV,EEEEEAIIIONNNRRTLSUDDGPHJXQZ,22,35,True
40C,41A,42L,33F,43O,53R,63M,44S,YATKEWI,OOBHURE,EEEEAAIIIONNNRTTLSUDDGPVJXQZ,22,43,True
40C,41A,42L,33F,43O,53R,63M,44S,YATKEWI,OOBHURE,EEEEAAIIIONNNRTTLSUDDGPVJXQZ,22,43,True
52O,33F,43O,53R,63M,YATKEWI,OALCBSR,EEEEEAAIIIONNNRTTLSUUDDGPHVJXQZ,22,3,True
52O,33F,43O,53R,63M,YATKEWI,OALCBSR,EEEEEAAIIIONNNRTTLSUUDDGPHVJXQZ,22,3,True
51O,52A,33F,43O,53R,63M,YATKEWI,OLCBSZE,EEEEAAIIIONNNRRTTLSUUDDGPHVJXQ,22,5,True
51O,52A,33F,43O,53R,63M,YATKEWI,OLCBSZE,EEEEAAIIIONNNRRTTLSUUDDGPHVJXQ,22,5,True
51C,52A,33F,43O,53R,63M,YATKEWI,OOLBSSE,EEEEAAIIIONNNRRTTLUUDDGPHVJXQZ,22,9,True
51C,52A,33F,43O,53R,63M,YATKEWI,OOLBSSE,EEEEAAIIIONNNRRTTLUUDDGPHVJXQZ,22,9,True
50B,51O,52O,33F,43O,53R,63M,YATKEWI,ALCSEGE,EEEAAIIIONNNRRTTLSUUDDPHVJXQZ,22,11,True
50B,51O,52O,33F,43O,53R,63M,YATKEWI,ALCSEGE,EEEAAIIIONNNRRTTLSUUDDPHVJXQZ,22,11,True
50C,51O,52A,33F,43O,53R,63M,54B,YATKEWI,OLSXEUD,EEEEAAIIIONNNRRTTLSUDGPHVJQZ,22,17,True
50C,51O,52A,33F,43O,53R,63M,54B,YATKEWI,OLSXEUD,EEEEAAIIIONNNRRTTLSUDGPHVJQZ,22,17,True
50C,51O,52A,33F,43O,53R,63M,54B,55S,YATKEWI,OLIZPSN,EEEEEAAIIONNRRTTLUUDDGHVJXQ,22,19,True
50C,51O,52A,33F,43O,53R,63M,54B,55S,YATKEWI,OLIZPSN,EEEEEAAIIONNRRTTLUUDDGHVJXQ,22,19,True
62O,33F,43O,53R,63M,YATKEWI,OALCBSI,EEEEEAAIIONNNRRTTLSUUDDGPHVJXQZ,22,6,True
62O,33F,43O,53R,63M,YATKEWI,OALCBSI,EEEEEAAIIONNNRRTTLSUUDDGPHVJXQZ,22,6,True
61O,62L,33F,43O,53R,63M,YATKEWI,OACBSNN,EEEEEAAIIIONRRTTLSUUDDGPHVJXQZ,22,8,True
61O,62L,33F,43O,53R,63M,YATKEWI,OACBSNN,EEEEEAAIIIONRRTTLSUUDDGPHVJXQZ,22,8,True
61C,62A,33F,43O,53R,63M,YATKEWI,OOLBSIS,EEEEEAAIIONNNRRTTLUUDDGPHVJXQZ,22,12,True
61C,62A,33F,43O,53R,63M,YATKEWI,OOLBSIS,EEEEEAAIIONNNRRTTLUUDDGPHVJXQZ,22,12,True
60L,61O,62O,33F,43O,53R,63M,YATKEWI,ACBSENI,EEEEAAIIONNRRTTLSUUDDGPHVJXQZ,22,18,True
60L,61O,62O,33F,43O,53R,63M,YATKEWI,ACBSENI,EEEEAAIIONNRRTTLSUUDDGPHVJXQZ,22,18,True
60C,61O,62O,33F,43O,53R,63M,YATKEWI,ALBSNRH,EEEEEAAIIIONNRTTLSUUDDGPVJXQZ,22,26,True
60C,61O,62O,33F,43O,53R,63M,YATKEWI,ALBSNRH,EEEEEAAIIIONNRTTLSUUDDGPVJXQZ,22,26,True
60C,61O,62O,33F,43O,53R,63M,64B,YATKEWI,ALSNVUI,EEEEEAAIIONNRRTTLSUDDGPHJXQZ,22,47,True
60C,61O,62O,33F,43O,53R,63M,64B,YATKEWI,ALSNVUI,EEEEEAAIIONNRRTTLSUDDGPHJXQZ,22,47,True
60C,61O,62O,33F,43O,53R,63M,64B,65S,YATKEWI,ALEIOIJ,EEEEAAINNNRRTTLSUUDDGPHVXQZ,22,51,True
60C,61O,62O,33F,43O,53R,63M,64B,65S,YATKEWI,ALEIOIJ,EEEEAAINNNRRTTLSUUDDGPHVXQZ,22,51,True
60C,61O,62O,33F,43O,53R,63M,34E,64B,35W,65S,YATKIUQ,ALEIOIJ,EEEEAAINNNRRTTLSUDDGPHVXZ,35,51,False
40L,50A,60C,61O,62O,33F,43O,53R,63M,34E,64B,35W,65S,YATKIUQ,EIOIJNA,EEEEAINNRRTTLSUDDGPHVXZ,35,59,True
40L,50A,60C,61O,62O,33F,43O,53R,63M,34E,64B,35W,65S,YATKIUQ,EIOIJNA,EEEEAINNRRTTLSUDDGPHVXZ,35,59,True
30A,40L,50E,60C,61O,62O,33F,43O,53R,63M,34E,64B,35W,65S,YATKIUQ,IOIJADA,EEEEINNNRRTTLSUDGPHVXZ,35,61,True
30A,40L,50E,60C,61O,62O,33F,43O,53R,63M,34E,64B,35W,65S,YATKIUQ,IOIJADA,EEEEINNNRRTTLSUDGPHVXZ,35,61,True
20I,30L,40E,50A,60C,61O,62O,33F,43O,53R,63M,34E,64B,35W,65S,YATKIUQ,OIJENDR,EEEAAINNRTTLSUDGPHVXZ,35,64,True
20I,30L,40E,50A,60C,61O,62O,33F,43O,53R,63M,34E,64B,35W,65S,YATKIUQ,OIJENDR,EEEAAINNRTTLSUDGPHVXZ,35,64,True
60C,51L,61O,62O,33F,43O,53R,63M,34E,64B,35W,65S,YATKIUQ,AEIOIJA,EEEEAINNNRRTTLSUDDGPHVXZ,35,54,True
60C,51L,61O,62O,33F,43O,53R,63M,34E,64B,35W,65S,YATKIUQ,AEIOIJA,EEEEAINNNRRTTLSUDDGPHVXZ,35,54,True
23S,33L,43U,53T,JEEOCGR,SOWATEN,EEEAAAIIIIOONNRRTLUDDBMPFHVYKXQZ,12,0,False
22O,23S,33L,43U,53T,JEEOCGR,SWATENX,EEEAAAIIIIOONNRRTLUDDBMPFHVYKQZ,12,4,True
22O,23S,33L,43U,53T,JEEOCGR,SWATENX,EEEAAAIIIIOONNRRTLUDDBMPFHVYKQZ,12,4,True
23S,33L,43U,53T,24O,25S,JEEOCGR,WATENEA,EEAAIIIIOONNRRTLUDDBMPFHVYKXQZ,12,7,True
23S,33L,43U,53T,24O,25S,JEEOCGR,WATENEA,EEAAIIIIOONNRRTLUDDBMPFHVYKXQZ,12,7,True
21W,22O,23S,33L,43U,53T,JEEOCGR,SATENOZ,EEEAAAIIIIONNRRTLUDDBMPFHVYKXQ,12,16,True
21W,22O,23S,33L,43U,53T,JEEOCGR,SATENOZ,EEEAAAIIIIONNRRTLUDDBMPFHVYKXQ,12,16,True
23S,33L,43U,53T,24O,25W,26S,JEEOCGR,ATENABI,EEEAAIIIOONNRRTLUDDMPFHVYKXQZ,12,21,True
23S,33L,43U,53T,24O,25W,26S,JEEOCGR,ATENABI,EEEAAIIIOONNRRTLUDDMPFHVYKXQZ,12,21,True
20W,21O,22T,23S,33L,43U,53T,JEEOCGR,SAENODK,EEEAAAIIIIONNRRTLUDBMPFHVYXQZ,12,27,True
20W,21O,22T,23S,33L,43U,53T,JEEOCGR,SAENODK,EEEAAAIIIIONNRRTLUDBMPFHVYXQZ,12,27,True
33P,43O,53T,AVIGEEI,ROFAISM,EEEEAAIOONNNRRTTLLSUUDDBCHWYKJXQZ,14,0,False
23S,33P,43O,53T,AVIGEEI,ROFAIMK,EEEEAAIOONNNRRTTLLSUUDDBCHWYJXQZ,14,7,True
23S,33P,43O,53T,AVIGEEI,ROFAIMK,EEEEAAIOONNNRRTTLLSUUDDBCHWYJXQZ,14,7,True
13I,23M,33P,43O,53T,AVIGEEI,ROFASEN,EEEAAIOONNRRTTLLSUUDDBCHWYKJXQZ,14,15,True
13I,23M,33P,43O,53T,AVIGEEI,ROFASEN,EEEAAIOONNRRTTLLSUUDDBCHWYKJXQZ,14,15,True
32O,33P,43O,53T,AVIGEEI,RFAISMR,EEEEAAIOONNNRTTLLSUUDDBCHWYKJXQZ,14,5,True
32O,33P,43O,53T,AVIGEEI,RFAISMR,EEEEAAIOONNNRTTLLSUUDDBCHWYKJXQZ,14,5,True
31R,32A,33P,43O,53T,AVIGEEI,OFISMTE,EEEAAIOONNNRRTLLSUUDDBCHWYKJXQZ,14,9,True
31R,32A,33P,43O,53T,AVIGEEI,OFISMTE,EEEAAIOONNNRRTLLSUUDDBCHWYKJXQZ,14,9,True
31F,32O,33P,43O,53T,AVIGEEI,RAISMBU,EEEEAAIOONNNRRTTLLSUDDCHWYKJXQZ,14,21,True
31F,32O,33P,43O,53T,AVIGEEI,RAISMBU,EEEEAAIOONNNRRTTLLSUDDCHWYKJXQZ,14,21,True
23S,33P,43O,53T,AVIGEEI,ROFAIME,EEEAAIOONNNRRTTLLSUUDDBCHWYKJXQZ,14,7,True
23S,33P,43O,53T,AVIGEEI,ROFAIME,EEEAAIOONNNRRTTLLSUUDDBCHWYKJXQZ,14,7,True
13I,23M,33P,43O,53T,AVIGEEI,ROFASDT,EEEEAAIOONNNRRTLLSUUDBCHWYKJXQZ,14,15,True
13I,23M,33P,43O,53T,AVIGEEI,ROFASDT,EEEEAAIOONNNRRTLLSUUDBCHWYKJXQZ,14,15,True
33P,43O,53T,44O,AVIGEEI,RFAISMN,EEEEAAIOONNRRTTLLSUUDDBCHWYKJXQZ,14,4,True
33P,43O,53T,44O,AVIGEEI,RFAISMN,EEEEAAIOONNRRTTLLSUUDDBCHWYKJXQZ,14,4,True
42M,33P,43O,53T,AVIGEEI,ROFAISE,EEEAAIOONNNRRTTLLSUUDDBCHWYKJXQZ,14,10,True
42M,33P,43O,53T,AVIGEEI,ROFAISE,EEEAAIOONNNRRTTLLSUUDDBCHWYKJXQZ,14,10,True
41F,42R,33P,43O,53T,AVIGEEI,OAISMCA,EEEEAIOONNNRRTTLLSUUDDBHWYKJXQZ,14,16,True
41F,42R,33P,43O,53T,AVIGEEI,OAISMCA,EEEEAIOONNNRRTTLLSUUDDBHWYKJXQZ,14,16,True
40F,41A,42R,33P,43O,53T,AVIGEEI,OISMELD,EEEAAIOONNNRRTTLSUUDBCHWYKJXQZ,14,27,True
40F,41A,42R,33P,43O,53T,AVIGEEI,OISMELD,EEEAAIOONNNRRTTLSUUDBCHWYKJXQZ,14,27,True
42M,33P,43O,53T,44F,45O,AVIGEEI,RAISCRB,EEEEAAIOONNNRTTLLSUUDDHWYKJXQZ,14,41,True
42M,33P,43O,53T,44F,45O,AVIGEEI,RAISCRB,EEEEAAIOONNNRTTLLSUUDDHWYKJXQZ,14,41,True
40F,41A,42R,33P,43O,53T,44S,AVIGEEI,OIMTLTJ,EEEEAAIOONNNRRLSUUDDBCHWYKXQZ,14,52,True
40F,41A,42R,33P,43O,53T,44S,AVIGEEI,OIMTLTJ,EEEEAAIOONNNRRLSUUDDBCHWYKXQZ,14,52,True
23S,33P,43O,53T,AVIGEEI,ROFAIMK,EEEEAAIOONNNRRTTLLSUUDDBCHWYJXQZ,14,7,True
23S,33P,43O,53T,AVIGEEI,ROFAIMK,EEEEAAIOONNNRRTTLLSUUDDBCHWYJXQZ,14,7,True
13I,23M,33P,43O,53T,AVIGEEI,ROFASES,EEEAAIOONNNRRTTLLUUDDBCHWYKJXQZ,14,15,True
13I,23M,33P,43O,53T,AVIGEEI,ROFASES,EEEAAIOONNNRRTTLLUUDDBCHWYKJXQZ,14,15,True
52A,33P,43O,53T,AVIGEEI,ROFISMN,EEEEAAIOONNRRTTLLSUUDDBCHWYKJXQZ,14,3,True
52A,33P,43O,53T,AVIGEEI,ROFISMN,EEEEAAIOONNRRTTLLSUUDDBCHWYKJXQZ,14,3,True
51R,52A,33P,43O,53T,AVIGEEI,OFISMTY,EEEEAAIOONNNRRTLLSUUDDBCHWKJXQZ,14,5,True
51R,52A,33P,43O,53T,AVIGEEI,OFISMTY,EEEEAAIOONNNRRTLLSUUDDBCHWKJXQZ,14,5,True
51O,52F,33P,43O,53T,AVIGEEI,RAISMED,EEEAAIOONNNRRTTLLSUUDBCHWYKJXQZ,14,11,True
51O,52F,33P,43O,53T,AVIGEEI,RAISMED,EEEAAIOONNNRRTTLLSUUDBCHWYKJXQZ,14,11,True
50R,51A,52F,33P,43O,53T,AVIGEEI,OISMULT,EEEEAAIOONNNRRTLSUDDBCHWYKJXQZ,14,13,True
50R,51A,52F,33P,43O,53T,AVIGEEI,OISMULT,EEEEAAIOONNNRRTLSUDDBCHWYKJXQZ,14,13,True
50R,51A,52F,33P,43O,53T,54S,AVIGEEI,OIMENLX,EEEAAIOONNRRTTLSUUDDBCHWYKJQZ,14,15,True
50R,51A,52F,33P,43O,53T,54S,AVIGEEI,OIMENLX,EEEAAIOONNRRTTLSUUDDBCHWYKJQZ,14,15,True
50F,51O,52R,33P,43O,53T,54I,55S,AVIGEEI,AMUXTUH,EEEEAAIOONNNRRTLLSDDBCWYKJQZ,14,17,True
50F,51O,52R,33P,43O,53T,54I,55S,AVIGEEI,AMUXTUH,EEEEAAIOONNNRRTLLSDDBCWYKJQZ,14,17,True
50M,51A,52F,33P,43O,53T,54I,55R,AVIGEEI,OSNAAEE,EEIOONNRRTTLLSUUDDBCHWYKJXQZ,14,21,True
50M,51A,52F,33P,43O,53T,54I,55R,AVIGEEI,OSNAAEE,EEIOONNRRTTLLSUUDDBCHWYKJXQZ,14,21,True
50M,51A,52F,33P,43O,53T,54I,55R,65E,AVIGEID,OSNAAEE,EEIOONNRRTTLLSUUDBCHWYKJXQZ,15,21,False
40O,50M,51A,52F,33P,43O,53T,54I,55R,65E,AVIGEID,SNAAEET,EEIOONNRRTLLSUUDBCHWYKJXQZ,15,27,True
40O,50M,51A,52F,33P,43O,53T,54I,55R,65E,AVIGEID,SNAAEET,EEIOONNRRTLLSUUDBCHWYKJXQZ,15,27,True
30S,40O,50M,51A,52F,33P,43O,53T,54I,55R,65E,AVIGEID,NAAEEKC,EEIOONNRRTTLLSUUDBHWYJXQZ,15,29,True
30S,40O,50M,51A,52F,33P,43O,53T,54I,55R,65E,AVIGEID,NAAEEKC,EEIOONNRRTTLLSUUDBHWYJXQZ,15,29,True
20S,30E,40A,50M,51A,52F,33P,43O,53T,54I,55R,65E,AVIGEID,ONAEHTR,EEIOONNRTLLSUUDBCWYKJXQZ,15,32,True
20S,30E,40A,50M,51A,52F,33P,43O,53T,54I,55R,65E,AVIGEID,ONAEHTR,EEIOONNRTLLSUUDBCWYKJXQZ,15,32,True
00E,10N,20S,30E,40A,50M,51A,52F,33P,43O,53T,54I,55R,65E,AVIGEID,OAORJLS,EEIONNRTTLUUDBCHWYKXQZ,15,50,True
00E,10N,20S,30E,40A,50M,51A,52F,33P,43O,53T,54I,55R,65E,AVIGEID,OAORJLS,EEIONNRTTLUUDBCHWYKXQZ,15,50,True
50M,41N,51A,52F,33P,43O,53T,54I,55R,65E,AVIGEID,OSAAEER,EEIOONNRTTLLSUUDBCHWYKJXQZ,15,24,True
50M,41N,51A,52F,33P,43O,53T,54I,55R,65E,AVIGEID,OSAAEER,EEIOONNRTTLLSUUDBCHWYKJXQZ,15,24,True
50M,31S,41E,51A,52F,33P,43O,53T,54I,55R,65E,AVIGEID,ONAAEUN,EEIOONRRTTLLSUDBCHWYKJXQZ,15,28,True
50M,31S,41E,51A,52F,33P,43O,53T,54I,55R,65E,AVIGEID,ONAAEUN,EEIOONRRTTLLSUDBCHWYKJXQZ,15,28,True
31J,32A,33D,34E,OLYPMOE,TTAASOA,EEEEIIIIONNNRRRTLSUUDGBCFHVWKXQZ,56,0,False
11T,21A,31J,32A,33D,34E,OLYPMOE,TASOARL,EEEEIIIIONNNRRTSUUDGBCFHVWKXQZ,56,12,True
11T,21A,31J,32A,33D,34E,OLYPMOE,TASOARL,EEEEIIIIONNNRRTSUUDGBCFHVWKXQZ,56,12,True
31J,22T,32A,33D,34E,OLYPMOE,TAASOAI,EEEEIIIONNNRRRTLSUUDGBCFHVWKXQZ,56,4,True
31J,22T,32A,33D,34E,OLYPMOE,TAASOAI,EEEEIIIONNNRRRTLSUUDGBCFHVWKXQZ,56,4,True
31J,02T,12O,22S,32A,33D,34E,OLYPMOE,TAAASQN,EEEEIIIIONNRRRTLUUDGBCFHVWKXZ,56,12,True
31J,02T,12O,22S,32A,33D,34E,OLYPMOE,TAAASQN,EEEEIIIIONNRRRTLUUDGBCFHVWKXZ,56,12,True
31J,02S,12T,22O,32A,42T,33D,34E,OLYPMOE,AAAREVU,EEEIIIIONNNRRTLSUDGBCFHWKXQZ,56,25,True
31J,02S,12T,22O,32A,42T,33D,34E,OLYPMOE,AAAREVU,EEEIIIIONNNRRTLSUDGBCFHWKXQZ,56,25,True
33K,43E,53T,UIITEED,IOXJNZC,EEEAAAAIOOONNRRRTLLSSUDGBMPFHVWYQ,18,0,False
03N,13O,23C,33K,43E,53T,UIITEED,IXJZYRI,EEEAAAAOOONNRRTLLSSUDGBMPFHVWQ,18,7,True
03N,13O,23C,33K,43E,53T,UIITEED,IXJZYRI,EEEAAAAOOONNRRTLLSSUDGBMPFHVWQ,18,7,True
32I,33K,43E,53T,UIITEED,IXJNZCO,EEEAAAAIOONNRRRTLLSSUDGBMPFHVWYQ,18,1,True
32I,33K,43E,53T,UIITEED,IXJNZCO,EEEAAAAIOONNRRRTLLSSUDGBMPFHVWYQ,18,1,True
31I,32I,33K,43E,53T,UIITEED,OXJZCSS,EEEAAAAIOOONNRRRTLLUDGBMPFHVWYQ,18,4,True
31I,32I,33K,43E,53T,UIITEED,OXJZCSS,EEEAAAAIOOONNRRRTLLUDGBMPFHVWYQ,18,4,True
30I,31I,32I,33K,43E,53T,UIITEED,XJZCEQD,EEAAAAIOOONNRRRTLLSSUGBMPFHVWY,18,5,True
30I,31I,32I,33K,43E,53T,UIITEED,XJZCEQD,EEAAAAIOOONNRRRTLLSSUGBMPFHVWY,18,5,True
30J,31I,32I,33K,43E,53T,UIITEED,OXZCHAR,EEEAAAIOOONNRRTLLSSUDGBMPFVWYQ,18,12,True
30J,31I,32I,33K,43E,53T,UIITEED,OXZCHAR,EEEAAAIOOONNRRTLLSSUDGBMPFVWYQ,18,12,True
30J,31I,32I,33K,43E,53T,UIITEED,IXNZONR,EEEAAAAIOONRRTLLSSUDGBMPFHVWYQ,18,14,True
30J,31I,32I,33K,43E,53T,UIITEED,IXNZONR,EEEAAAAIOONRRTLLSSUDGBMPFHVWYQ,18,14,True
30Z,31I,32I,33K,43E,53T,UIITEED,IXJCLGR,EEEAAAAIOOONNRRTLSSUDBMPFHVWYQ,18,16,True
30Z,31I,32I,33K,43E,53T,UIITEED,IXJCLGR,EEEAAAAIOOONNRRTLSSUDBMPFHVWYQ,18,16,True
03I,13I,23I,33K,43E,53T,UIITEED,IXJZEAL,EEAAAIOOONNRRRTLSSUDGBMPFHVWYQ,18,3,True
03I,13I,23I,33K,43E,53T,UIITEED,IXJZEAL,EEAAAIOOONNRRRTLSSUDGBMPFHVWYQ,18,3,True
42I,33K,43E,53T,UIITEED,IXJNZCO,EEEAAAAIOONNRRRTLLSSUDGBMPFHVWYQ,18,2,True
42I,33K,43E,53T,UIITEED,IXJNZCO,EEEAAAAIOONNRRRTLLSSUDGBMPFHVWYQ,18,2,True
42Z,33K,43E,53T,UIITEED,IOXJNCO,EEEAAAAIOONNRRRTLLSSUDGBMPFHVWYQ,18,20,True
42Z,33K,43E,53T,UIITEED,IOXJNCO,EEEAAAAIOONNRRRTLLSSUDGBMPFHVWYQ,18,20,True
40I,41I,42X,33K,43E,53T,UIITEED,OJZCETO,EEAAAAIOONNRRRLLSSUDGBMPFHVWYQ,18,22,True
40I,41I,42X,33K,43E,53T,UIITEED,OJZCETO,EEAAAAIOONNRRRLLSSUDGBMPFHVWYQ,18,22,True
40Z,41I,42I,33K,43E,53T,UIITEED,OXJCENB,EEAAAAIOOONRRRTLLSSUDGMPFHVWYQ,18,44,True
40Z,41I,42I,33K,43E,53T,UIITEED,OXJCENB,EEAAAAIOOONRRRTLLSSUDGMPFHVWYQ,18,44,True
03I,13I,23I,33K,43E,53T,UIITEED,IXJZHNF,EEEAAAAIOOONRRRTLLSSUDGBMPVWYQ,18,3,True
03I,13I,23I,33K,43E,53T,UIITEED,IXJZHNF,EEEAAAAIOOONRRRTLLSSUDGBMPVWYQ,18,3,True
52I,33K,43E,53T,UIITEED,OXJNZCA,EEEAAAIOOONNRRRTLLSSUDGBMPFHVWYQ,18,1,True
52I,33K,43E,53T,UIITEED,OXJNZCA,EEEAAAIOOONNRRRTLLSSUDGBMPFHVWYQ,18,1,True
51J,52I,33K,43E,53T,UIITEED,IXNZCUO,EEEAAAAIOONNRRRTLLSSDGBMPFHVWYQ,18,9,True
51J,52I,33K,43E,53T,UIITEED,IXNZCUO,EEEAAAAIOONNRRRTLLSSDGBMPFHVWYQ,18,9,True
51Z,52I,33K,43E,53T,UIITEED,OXJNCAV,EEEAAAIOOONNRRRTLLSSUDGBMPFHWYQ,18,11,True
51Z,52I,33K,43E,53T,UIITEED,OXJNCAV,EEEAAAIOOONNRRRTLLSSUDGBMPFHWYQ,18,11,True
33T,43A,53D,IETAFEO,EUOJUNQ,EEEAAIIIOONNRRRTLLSSDGBCMPHVWYKXZ,16,0,False
32E,33T,43A,53D,IETAFEO,UOJUNQA,EEEAIIIOONNRRRTLLSSDGBCMPHVWYKXZ,16,1,True
32E,33T,43A,53D,IETAFEO,UOJUNQA,EEEAIIIOONNRRRTLLSSDGBCMPHVWYKXZ,16,1,True
31O,32U,33T,43A,53D,IETAFEO,EJUNQNI,EEEAAIIOONRRRTLLSSDGBCMPHVWYKXZ,16,4,True
31O,32U,33T,43A,53D,IETAFEO,EJUNQNI,EEEAAIIOONRRRTLLSSDGBCMPHVWYKXZ,16,4,True
31J,32A,33T,43A,53D,IETAFEO,UOUNQLO,EEEAAIIIONNRRRTLSSDGBCMPHVWYKXZ,16,25,True
31J,32A,33T,43A,53D,IETAFEO,UOUNQLO,EEEAAIIIONNRRRTLSSDGBCMPHVWYKXZ,16,25,True
42A,33T,43A,53D,IETAFEO,UOJUNQC,EEEAAIIIOONNRRRTLLSSDGBMPHVWYKXZ,16,2,True
42A,33T,43A,53D,IETAFEO,UOJUNQC,EEEAAIIIOONNRRRTLLSSDGBMPHVWYKXZ,16,2,True
42J,33T,43A,53D,IETAFEO,EUOUNQS,EEEAAIIIOONNRRRTLLSDGBCMPHVWYKXZ,16,16,True
42J,33T,43A,53D,IETAFEO,EUOUNQS,EEEAAIIIOONNRRRTLLSDGBCMPHVWYKXZ,16,16,True
41Q,42U,33T,43A,53D,IETAFEO,EOJUNRO,EEEAAIIIONNRRTLLSSDGBCMPHVWYKXZ,16,22,True
41Q,42U,33T,43A,53D,IETAFEO,EOJUNRO,EEEAAIIIONNRRTLLSSDGBCMPHVWYKXZ,16,22,True
40Q,41U,42A,33T,43A,53D,44N,IETAFEO,OJUNIPL,EEEAAIIOONRRRTLSSDGBCMHVWYKXZ,16,92,True
40Q,41U,42A,33T,43A,53D,44N,IETAFEO,OJUNIPL,EEEAAIIOONRRRTLSSDGBCMHVWYKXZ,16,92,True
52A,33T,43A,53D,IETAFEO,UOJUNQG,EEEAAIIIOONNRRRTLLSSDBCMPHVWYKXZ,16,1,True
52A,33T,43A,53D,IETAFEO,UOJUNQG,EEEAAIIIOONNRRRTLLSSDBCMPHVWYKXZ,16,1,True
51A,52N,33T,43A,53D,IETAFEO,UOJUQBK,EEEAAIIIOONNRRRTLLSSDGCMPHVWYXZ,16,2,True
51A,52N,33T,43A,53D,IETAFEO,UOJUQBK,EEEAAIIIOONNRRRTLLSSDGCMPHVWYXZ,16,2,True
51J,52U,33T,43A,53D,IETAFEO,EOUNQTY,EEEAAIIIOONNRRRLLSSDGBCMPHVWKXZ,16,9,True
51J,52U,33T,43A,53D,IETAFEO,EOUNQTY,EEEAAIIIOONNRRRLLSSDGBCMPHVWKXZ,16,9,True
50Q,51U,52O,33T,43A,53D,IETAFEO,EJUNLOR,EEEAAIIIONNRRTLSSDGBCMPHVWYKXZ,16,12,True
50Q,51U,52O,33T,43A,53D,IETAFEO,EJUNLOR,EEEAAIIIONNRRTLSSDGBCMPHVWYKXZ,16,12,True
